cod_exp,num_proc,dependencia,unidad_comp,correo,nombre_procedimiento,tipo_proc,entidad_fed,anio_ej,proc_exc,fecha_pub,claves_list,part_testigo,abastecimiento_sim,plurianual,tipo_cont,anticipo,forma_pago,plazo_garant,meses_garant,garant_cump,caracter,caso_fort ,tipo_cont_abierto,uri,scrapped_day
E-2024-00079010,LA-49-830-049000975-T-89-2024,049000 - FISCALIA GENERAL DE LA REPUBLICA,049000975 DIRECCION DE ADQUISICIONES,martin.li@fgr.org.mx,ADQUISICIÓN DE CONSUMIBLES FLOTA AÉREA,LICITACIÓN PÚBLICA,CIUDAD DE MÉXICO,2024,NO,15/07/2024 14:32,"21101,21601,24601,24701,24901,26102",NO,NO,NO,ADQUISICIONES,NO,TRANSFERENCIA ELECTRÓNICA,10,,SI,INTERNACIONAL BAJO LA COBERTURA DE TRATADOS,NO,,https://upcp-compranet.hacienda.gob.mx/sitiopublico/#/sitiopublico/detalle/34d5c0bdb2964e88a7e39788ad9f9050/procedimiento,27/08/2024
E-2024-00072590,LA-82-036-923058973-N-1-2024,082036 - UNIVERSIDAD POLITÉCNICA DE QUINTANA ROO,923058973 RECTORIA,rec.materiales@upqroo.edu.mx,ADQUISICIÓN DE BIENES PARA EL FORTALECIMIENTO DE INFRAESTRUCTURA EDUCATIVA,LICITACIÓN PÚBLICA,QUINTANA ROO,2024,NO,06/08/2024 10:35,"21101,51101,51501,52101,52901,53101",NO,NO,NO,ADQUISICIONES,NO,"VÍA TRANSFERENCIA ELECTRÓNICA, AL TENOR DEL PUNTO 8 DE LA CONVOCATORIA",10,,SI,NACIONAL,NO,,https://upcp-compranet.hacienda.gob.mx/sitiopublico/#/sitiopublico/detalle/535c68d3fefd43da86d5ba65f7d6e9e5/procedimiento,27/08/2024
E-2024-00080833,LA-50-GYR-050GYR037-N-165-2024,050GYR - INSTITUTO MEXICANO DEL SEGURO SOCIAL,050GYR037 UMAE HOSPITAL DE ESPECIALIDADES NO. 2 DEL CMN LUIS DONALDO MURRIETA,alejandro.jimenezj@imss.gob.mx,ADQUISICION DE ARTICULOS DE COCINA Y COMEDOR PARA EL EJERCICIO 2024,LICITACIÓN PÚBLICA,SONORA,2024,NO,15/08/2024 11:07,"21101,21601,22301,23301,25401,25501,51901",NO,NO,NO,ADQUISICIONES,NO,ELECTRONICO,10,,SI,NACIONAL,NO,CANTIDAD,https://upcp-compranet.hacienda.gob.mx/sitiopublico/#/sitiopublico/detalle/21cdd4749a364f7f97d4c2c1887d4f6b/procedimiento,27/08/2024
E-2024-00083115,LA-70-Q94-911043999-I-39-2024,070Q94 - UNIVERSIDAD DE GUANAJUATO,911043999 DEPARTAMENTO DE ADQUISICIONES Y CONTROL DE BIENES,glongoria@ugto.mx,ADQUISICIÓN DE MOBILIARIO Y EQUIPO DE AUDIO VISUAL,LICITACIÓN PÚBLICA,GUANAJUATO,2024,NO,05/08/2024 09:43,"21101,29301,51101,52101,52301",NO,NO,NO,ADQUISICIONES,NO,CREDITO 20 DÍAS NATURALES,10,,SI,INTERNACIONAL ABIERTO,NO,,https://upcp-compranet.hacienda.gob.mx/sitiopublico/#/sitiopublico/detalle/a858b29724e74b13be157b71490c0e4e/procedimiento,27/08/2024
E-2024-00086436,LA-62-O27-903006996-N-12-2024,062O27 - SECRETARÍA DE SALUD,903006996 DIRECCIÓN DE ADMINISTRACIÓN Y FINANZAS,lizeth.ontiveros@saludbcs.gob.mx,"CONTRATACIÓN DE SERVICIOS PROFESIONALES, CIENTÍFICOS Y TÉCNICOS INTEGRALES, DIFU",LICITACIÓN PÚBLICA,BAJA CALIFORNIA SUR,2024,NO,13/08/2024 16:48,"33901,33903,36101,38301",NO,NO,NO,SERVICIOS,NO,TRANSFERENCIA ELECTRÓNICA,10,,SI,NACIONAL,NO,,https://upcp-compranet.hacienda.gob.mx/sitiopublico/#/sitiopublico/detalle/b576298f527d4fb3bf66b01de1166af4/procedimiento,27/08/2024
E-2024-00086381,LA-50-GYR-050GYR028-N-115-2024,050GYR - INSTITUTO MEXICANO DEL SEGURO SOCIAL,050GYR028 COORDINACION DE ABASTECIMIENTO Y EQUIPAMIENTO DELEGACION REGIONAL ESTADO DE MEXICO ORIENTE,sandra.nacar@imss.gob.mx,SERVICIO DE TRASLADO DE PACIENTES EN AMBULANCIAS DE URGENCIAS AVANZADAS,LICITACIÓN PÚBLICA,MÉXICO,2024,NO,13/08/2024 15:51,44102,NO,,NO,SERVICIOS,NO,TRANSFERENCIA INTERBANCARIA,10,,SI,NACIONAL,NO,MONTO,https://upcp-compranet.hacienda.gob.mx/sitiopublico/#/sitiopublico/detalle/2318f6a2faec434988d55275f4cb4897/procedimiento,27/08/2024
E-2024-00079793,LA-50-GYR-050GYR046-T-99-2024,050GYR - INSTITUTO MEXICANO DEL SEGURO SOCIAL,050GYR046 HOSPITAL DE ESPECIALIDADES DEL CMN MANUEL AVILA CAMACHO EN PUEBLA,zury.herrera@imss.gob.mx,REQ A24055 CONSUMIBLES LICITACION,LICITACIÓN PÚBLICA,PUEBLA,2024,NO,13/08/2024 15:56,"21101,21401,21601,22301,23101,23701,24601,24701,24801,24901,25401,25501,27501,28201,29101,29401,29501,29601,29701,53101,56201,56601",NO,NO,NO,ADQUISICIONES,NO,PAGOS PROGRESIVOS,10,,SI,INTERNACIONAL BAJO LA COBERTURA DE TRATADOS,NO,CANTIDAD,https://upcp-compranet.hacienda.gob.mx/sitiopublico/#/sitiopublico/detalle/2d36ae5b89d54bcc94ddeba59aa4e537/procedimiento,27/08/2024
E-2024-00087376,IA-83-W22-924016995-N-11-2024,083W22 - SECRETARÍA DE SALUD,924016995 DEPARTAMENTO DE ADQUISICIONES DE LOS SERVICIOS DE SALUD,invitaciones@slpsalud.gob.mx,SERVICIO DE MONEDEROS ELECTRÓNICOS DE COMBUSTIBLE,INVITACIÓN A CUANDO MENOS TRES PERSONAS,SAN LUIS POTOSÍ,2024,NO,22/08/2024 17:25,26102,NO,NO,NO,ADQUISICIONES,NO,TRANSFERENCIA ELECTRONICA DE FONDOS,10,,SI,NACIONAL,NO,,https://upcp-compranet.hacienda.gob.mx/sitiopublico/#/sitiopublico/detalle/fcb3c3821a3a4093a85960c929f60b52/procedimiento,27/08/2024
E-2024-00087220,IA-84-W40-925055994-N-5-2024,084W40 - UNIVERSIDAD AUTÓNOMA DE OCCIDENTE,925055994 DIRECCION DE ADMINISTRACION,renato.mezal@uadeo.mx,ADQUISICION DE MATERIAL DE PAPELERIA,INVITACIÓN A CUANDO MENOS TRES PERSONAS,SINALOA,2024,NO,16/08/2024 17:47,"21101,21401,24601,29101,29301,51201,51901,56701",NO,NO,NO,ADQUISICIONES,NO,A TRAVEZ DE TRANSFERENCIA ELECTRONICA CONTRAENTREGA DE FACTURA DE LO SUMINISTRADO.,,12,NO,NACIONAL,NO,,https://upcp-compranet.hacienda.gob.mx/sitiopublico/#/sitiopublico/detalle/3ee79ac3094c4b2f8712c0fbf75c1228/procedimiento,27/08/2024
E-2024-00086098,LA-09-KDN-009KDN001-N-135-2024,"009KDN - AEROPUERTO INTERNACIONAL DE LA CIUDAD DE MEXICO, S.A. DE C.V.",009KDN001 DIRECCIÓN DE ADMINISTRACIÓN,mhernandez@aicm.com.mx,ADQUISICIÓN DE INSUMOS,LICITACIÓN PÚBLICA,CIUDAD DE MÉXICO,2024,NO,13/08/2024 17:49,"23201,23701,24101,24201,24301,24401,24601,24701,24801,24901,25601,26101,27101,27201,29101,29201,29301,29801",NO,NO,NO,ADQUISICIONES,NO,EL PAGO DE LOS BIENES SE EFECTUARÁ POR PARTIDA ENTREGADA,10,,SI,NACIONAL,NO,,https://upcp-compranet.hacienda.gob.mx/sitiopublico/#/sitiopublico/detalle/aa25c4f063944d0c8670a6b1ea34190b/procedimiento,27/08/2024
E-2024-00087070,LA-85-W83-926014991-I-49-2024,085W83 - INSTITUTO TECNOLÓGICO DE SONORA,926014991 DEPARTAMENTO DE ADQUISICIONES,marisol.leyva@itson.edu.mx,SUMINISTRO DE MATERIALES DE SERVICIOS GENERALES Y MANTENIMIENTO PARA EL ITSON,LICITACIÓN PÚBLICA,SONORA,2024,NO,16/08/2024 14:49,"21101,21601,22301,23201,23301,23701,24101,24201,24601,24701,24801,24901,25201,25601,25901,26101,26102,26103,27201,29101,29201,29301,29601,29801,29901",NO,NO,NO,ADQUISICIONES,NO,TRANSFERENCIA,10,,SI,INTERNACIONAL ABIERTO,NO,CANTIDAD,https://upcp-compranet.hacienda.gob.mx/sitiopublico/#/sitiopublico/detalle/fe96a0ac80c549b69834df65396fe9c9/procedimiento,27/08/2024
E-2024-00086955,LA-72-064-913085944-N-3-2024,072064 - INSTITUTO HIDALGUENSE DE EDUCACIÓN,913085944 DIRECCIÓN GENERAL DE RECURSOS MATERIALES Y SERVICIOS,alejandra.lopez@seph.gob.mx,SERVICIO DE CONGRESOS Y CONVENCIONES,LICITACIÓN PÚBLICA,HIDALGO,2024,NO,15/08/2024 16:46,38301,NO,NO,NO,SERVICIOS,NO,"EL PAGO TOTAL SE EFECTUARÁ A LOS 20 DÍAS NATURALES CONTADOS A PARTIR DE LA ENTREGA DE LA FACTURA RESPECTIVA, PREVIA ENTREGA DE LA PRESTACIÓN DEL SERVICIO EN LOS TÉRMINOS DEL CONTRATO Y A SATISFACCIÓN DE INSTITUTO HIDALGUENSE DE EDUCACIÓN, ESTE SE REALIZARÁ A TRAVÉS DE TRANSFERENCIA ELECTRÓNICA. LOS PRECIOS PERMANECERÁN FIJOS Y NO HABRÁ ESCALATORIA ALGUNA. NO HABRÁ ANTICIPO",10,,SI,NACIONAL,NO,,https://upcp-compranet.hacienda.gob.mx/sitiopublico/#/sitiopublico/detalle/71759c362f5a4be0bc0d5408260747cd/procedimiento,27/08/2024
E-2024-00076741,LA-50-GYR-050GYR069-N-131-2024,050GYR - INSTITUTO MEXICANO DEL SEGURO SOCIAL,"050GYR069 DEPARTAMENTO DE ADQUISICIONES, BIENES Y EQUIPAMIENTO",karime.garcia@imss.gob.mx,SERVICIO DE TRASLADO DE PACIENTES CRÍTICAMENTE ENFERMOS EN AMBULANCIA,LICITACIÓN PÚBLICA,CAMPECHE,2024,NO,13/08/2024 10:14,44102,NO,NO,NO,SERVICIOS,NO,PARCIALIDADES,10,12,SI,NACIONAL,NO,MONTO,https://upcp-compranet.hacienda.gob.mx/sitiopublico/#/sitiopublico/detalle/034e20ba7c0f481eaee9ec415cf6b609/procedimiento,27/08/2024
E-2024-00088763,IA-87-Y04-928003999-N-32-2024,087Y04 - SECRETARÍA DE ADMINISTRACIÓN,928003999 DIRECCIÓN GENERAL DE COMPRAS Y OPERACIONES PATRIMONIALES,baltazar.garcia@tamaulipas.gob.mx,C. 028 ADQUISICION DE VALES DE COMBUSTIBLE,INVITACIÓN A CUANDO MENOS TRES PERSONAS,TAMAULIPAS,2024,NO,27/08/2024 08:58,26101,NO,NO,NO,ADQUISICIONES,NO,EN UNA SOLA EXHIBICION,10,12,SI,NACIONAL,NO,,https://upcp-compranet.hacienda.gob.mx/sitiopublico/#/sitiopublico/detalle/36726880dece4f28a1b0e7b53cfc362e/procedimiento,27/08/2024
E-2024-00087332,LA-89-Y23-930010996-N-17-2024,089Y23 - SECRETARÍA DE SALUD,930010996 DEPARTAMENTO DE ADQUISICIONES,vramon@ssaver.gob.mx,RELATIVA A LA ADQUISICIÓN DE PAPELERÍA Y ÚTILES DE OFICINA PARA LAS UNIDADES HOS,LICITACIÓN PÚBLICA,VERACRUZ,2024,NO,20/08/2024 14:00,21101,NO,SI,NO,ADQUISICIONES,NO,TRANSFERENCIA ELECTRONICA BANCARIA,10,6,SI,NACIONAL,NO,,https://upcp-compranet.hacienda.gob.mx/sitiopublico/#/sitiopublico/detalle/6ac89bd3148f459f951f18ec20d78806/procedimiento,27/08/2024
E-2024-00080756,LA-07-110-007000999-T-678-2024,007000 - SECRETARIA DE LA DEFENSA NACIONAL,007000999 SUBDIRECCIÓN DE ADQUISICIONES,justocastillov73@sedena.gob.mx,CONSTRUCCIÓN Y EQUIPAMIENTO DE CUARTELES GENERALES EN EL VALLE DE MÉXICO,LICITACIÓN PÚBLICA,CIUDAD DE MÉXICO,2024,NO,22/07/2024 22:43,"21101,21601,22301,24801,25401,25501,27101,27301,27501,29101,51101,51201,51901,52201,53101,56201,56701,56902",NO,NO,NO,ADQUISICIONES,NO,TRASFERENCIA BANCARIA,10,12,SI,INTERNACIONAL BAJO LA COBERTURA DE TRATADOS,NO,,https://upcp-compranet.hacienda.gob.mx/sitiopublico/#/sitiopublico/detalle/a78f490e94744596ab258474905df696/procedimiento,27/08/2024
E-2024-00086818,LA-74-089-915108993-N-7-2024,074089 - UNIVERSIDAD AUTÓNOMA DEL ESTADO DE MÉXICO,915108993 DIRECCIÓN DE RECURSOS MATERIALES,ijmejiag@uaemex.mx,PAPELERÍA Y ARTÍCULOS DE ESCRITORIO Y SERVICIO DE IMPRESIÓN DE DOCUMENTO OFICIAL,LICITACIÓN PÚBLICA,MÉXICO,2024,NO,22/08/2024 11:52,"21101,33603",NO,NO,NO,ADQUISICIONES,NO,"EL DENTRO DE LOS 20 DÍAS HÁBILES, CONTADOS A PARTIR DE LA ENTREGA Y PRESENTACIÓN DE LA FACTURA EN LA DIRECCIÓN DE RECURSOS MATERIALES DE LA UAEMÉX",10,6,SI,NACIONAL,NO,,https://upcp-compranet.hacienda.gob.mx/sitiopublico/#/sitiopublico/detalle/69ceeb0fde0e453aab8cd0b106ef41f9/procedimiento,27/08/2024
E-2024-00088148,LA-78-037-919058968-N-52-2024,078037 - UNIVERSIDAD AUTÓNOMA DE NUEVO LEÓN,919058968 COORDINACIÓN DE LICITACIONES Y CONCURSOS,jonatan.hernandez@uanl.mx,ADQUISICIÓN DE MOBILIARIO PARA DIVERSAS DEPENDENCIAS DE LA UANL,LICITACIÓN PÚBLICA,NUEVO LEÓN,2024,NO,22/08/2024 15:57,"21101,22301,24801,29101,29301",NO,NO,NO,ADQUISICIONES,NO,EL ESTABLECIDO EN LA CONVOCATORIA,,,NO,NACIONAL,NO,,https://upcp-compranet.hacienda.gob.mx/sitiopublico/#/sitiopublico/detalle/6090df44d00f45a495914b51b43592b4/procedimiento,27/08/2024
E-2024-00087297,LA-74-089-915108993-N-6-2024,074089 - UNIVERSIDAD AUTÓNOMA DEL ESTADO DE MÉXICO,915108993 DIRECCIÓN DE RECURSOS MATERIALES,bishi986@hotmail.com,51210501 ARTÍCULOS DE ASEO Y SANITARIOS,LICITACIÓN PÚBLICA,MÉXICO,2024,NO,22/08/2024 11:58,"21101,21601",NO,NO,NO,ADQUISICIONES,NO,"DENTRO DE LOS 20 DÍAS HÁBILES, CONTADOS A PARTIR DE LA ENTREGA Y PRESENTACIÓN DE LA FACTURA EN LA DIRECCIÓN DE RECURSOS MATERIALES DE LA UAEMÉX Y EXPEDICIÓN DEL CONTRA RECIBO CORRESPONDIENTE; A ENTERA SATISFACCIÓN DEL ÁREA REQUIRENTE. NO APLICARÁN INTERESES, NI SE OTORGARÁN ANTICIPOS.",10,6,SI,NACIONAL,NO,,https://upcp-compranet.hacienda.gob.mx/sitiopublico/#/sitiopublico/detalle/42026a17537f4b47a09ccd15a97781c1/procedimiento,27/08/2024
E-2024-00088685,LA-78-036-919048990-N-6-2024,078036 - SISTEMA PARA EL DESARROLLO INTEGRAL DE LA FAMILIA DE NUEVO LEÓN,919048990 SUBDIRECCIÓN DE RECURSOS MATERIALES Y SERVICIOS GENERALES,oscar.gonzalez@difnl.gob.mx,CONTRATCION DEL SUMINISTRO PARA LA POSADA DIF NUEVO LEON HOSPITAL METROPOLITANO,LICITACIÓN PÚBLICA,NUEVO LEÓN,2024,NO,23/08/2024 20:39,"21101,21601,22106,27101",NO,NO,NO,ADQUISICIONES,NO,DE ACUERDO A BASES,10,,SI,NACIONAL,NO,,https://upcp-compranet.hacienda.gob.mx/sitiopublico/#/sitiopublico/detalle/9f78b4eef0334cd88498bf574221c4a0/procedimiento,27/08/2024
E-2024-00088764,LA-78-036-919048990-N-7-2024,078036 - SISTEMA PARA EL DESARROLLO INTEGRAL DE LA FAMILIA DE NUEVO LEÓN,919048990 SUBDIRECCIÓN DE RECURSOS MATERIALES Y SERVICIOS GENERALES,oscar.gonzalez@difnl.gob.mx,CONTRATCION DE SUMINISTROS PARA EL ALBERGUE PARA NNA ACOMAÑADOS ZUAZUA,LICITACIÓN PÚBLICA,NUEVO LEÓN,2024,NO,23/08/2024 20:28,"21101,21601,22102,25301,27101",NO,NO,NO,ADQUISICIONES,NO,DE ACUERDO A LAS BASES,10,,SI,NACIONAL,NO,,https://upcp-compranet.hacienda.gob.mx/sitiopublico/#/sitiopublico/detalle/eabf0e1f792b4e4eba5a1f37f6af7693/procedimiento,27/08/2024
E-2024-00088527,LA-07-110-007000999-T-759-2024,007000 - SECRETARIA DE LA DEFENSA NACIONAL,007000999 SUBDIRECCIÓN DE ADQUISICIONES,justocastillov73@sedena.gob.mx,CONSTRUCCIÓN DE LAS NUEVAS INSTALACIONES DE LA AGENCIA NACIONAL DE LAS ADUANAS D,LICITACIÓN PÚBLICA,CIUDAD DE MÉXICO,2024,NO,26/08/2024 23:12,"21101,22301,25401,27301,27501,51101,51301,51901,56201",NO,NO,NO,ADQUISICIONES,NO,EL PAGO SE REALIZARA POR MEDIO DE TRANSFERENCIA ELECTRONICA,10,12,SI,INTERNACIONAL BAJO LA COBERTURA DE TRATADOS,NO,,https://upcp-compranet.hacienda.gob.mx/sitiopublico/#/sitiopublico/detalle/9cbd76a987104be593f2450b80d56c7f/procedimiento,27/08/2024
E-2024-00088851,LA-50-GYR-050GYR010-N-145-2024,050GYR - INSTITUTO MEXICANO DEL SEGURO SOCIAL,050GYR010 COORDINACION DE ABASTECIMIENTO Y EQUIPAMIENTO,ernesto.higuera@imss.gob.mx,LA-50-GYR-050GYR010-N-145-2024 SERVICIO DE TRASLADO DE PACIENTES EN AMBULANCIA.,LICITACIÓN PÚBLICA,DURANGO,2024,NO,27/08/2024 10:38,44102,NO,NO,NO,SERVICIOS,NO,TRANSFERENCIA ELECTRÓNICA,10,,SI,NACIONAL,NO,MONTO,https://upcp-compranet.hacienda.gob.mx/sitiopublico/#/sitiopublico/detalle/b870a76c3a424a04906a22816853afe3/procedimiento,27/08/2024
E-2024-00088769,LA-78-036-919048990-N-8-2024,078036 - SISTEMA PARA EL DESARROLLO INTEGRAL DE LA FAMILIA DE NUEVO LEÓN,919048990 SUBDIRECCIÓN DE RECURSOS MATERIALES Y SERVICIOS GENERALES,oscar.gonzalez@difnl.gob.mx,CONTRATACION DE SUMINISTRO PARA EL ALBERGUE NNA NO ACOMPAÑADOS FABRILES,LICITACIÓN PÚBLICA,NUEVO LEÓN,2024,NO,23/08/2024 21:26,"21101,21601,22102,27101",NO,NO,NO,ADQUISICIONES,NO,DE ACUERDO A LAS BASES,10,,SI,NACIONAL,NO,,https://upcp-compranet.hacienda.gob.mx/sitiopublico/#/sitiopublico/detalle/a20077874bd948ce89267488e77c909e/procedimiento,27/08/2024
E-2024-00088405,IA-66-023-907049991-N-2-2024,066023 - INSTITUTO DE SALUD,907049991 SUDIRECCION DE RECURSOS MATERIALES Y SERVICIOS GENERALES,edgar.morenoo.m@gmail.com,ADQUISICIÓN Y CONTRATACION DE SERVICIOS PARA EL PROYECTO CONTRA LAS ADICIONES,INVITACIÓN A CUANDO MENOS TRES PERSONAS,CHIAPAS,2024,NO,22/08/2024 18:44,"21101,33604,38301",NO,NO,NO,ADQUISICIONES,NO,"LOS PAGOS SE EFECTUARAN MEDIANTE TRANSFERENCIA ELECTRÓNICA A PARTIR DE LA ENTREGA TOTAL DE LOS BIENES Y SERVICIOS ASIGNADOS Y DE LA FACTURA ORIGINAL EN MONEDA NACIONAL DENTRO DE LOS 20 DÍAS NATURALES SIGUIENTES A LA PRESENTACIÓN DE LA FACTURA, CONFORME A LO ESTABLECIDO EN EL ARTÍCULO 51 DE LA LEY DE ADQUISICIONES, ARRENDAMIENTO Y SERVICIOS DEL SECTOR PÚBLICO.",10,,SI,NACIONAL,NO,,https://upcp-compranet.hacienda.gob.mx/sitiopublico/#/sitiopublico/detalle/36f58c81b6dc424fbc3146f835eb8f63/procedimiento,27/08/2024
E-2024-00088922,LA-85-W83-926014991-I-55-2024,085W83 - INSTITUTO TECNOLÓGICO DE SONORA,926014991 DEPARTAMENTO DE ADQUISICIONES,karla.estrella@itson.edu.mx,"ADQUISICIÓN DE LICENCIAS DE SOFTWARE, ACCESORIOS Y EQUIPOS DE CÓMPUTO",LICITACIÓN PÚBLICA,SONORA,2024,NO,26/08/2024 13:47,"21101,21201,21601,24601,27201,29101,29301,29401,32701,51501",NO,NO,NO,ADQUISICIONES,NO,TRANSFERENCIA,10,,SI,INTERNACIONAL ABIERTO,NO,,https://upcp-compranet.hacienda.gob.mx/sitiopublico/#/sitiopublico/detalle/35e5a8971c244927b815278d7eb14782/procedimiento,27/08/2024
E-2024-00088021,IA-71-022-912070982-N-3-2024,071022 - SECRETARÍA DE CONTRALORÍA Y TRANSPARENCIA GUBERNAMENTAL,912070982 DELEGACIÓN ADMINISTRATIVA,erick.gm806@gmail.com,ADQUISICION DE MOBILIARIO,INVITACIÓN A CUANDO MENOS TRES PERSONAS,GUERRERO,2024,NO,23/08/2024 09:36,"21101,29101,51101,51901,56401",NO,NO,NO,ADQUISICIONES,NO,TRANSFERENCIA ELECTRONICA DE FONDOS.,10,12,SI,NACIONAL,NO,,https://upcp-compranet.hacienda.gob.mx/sitiopublico/#/sitiopublico/detalle/85574217e54c4c71bd98e5e75fc77435/procedimiento,28/08/2024
E-2024-00089113,IA-07-110-007000999-N-763-2024,007000 - SECRETARIA DE LA DEFENSA NACIONAL,007000999 SUBDIRECCIÓN DE ADQUISICIONES,justocastillov73@sedena.gob.mx,2/A. FASE DE REMODELACIÓN DEL ÁREA DE RADIÓLOGIA E IMAGEN DEL HOSPITAL CENTRAL M,INVITACIÓN A CUANDO MENOS TRES PERSONAS,CIUDAD DE MÉXICO,2024,NO,27/08/2024 22:18,"21101,24801,27501,51101,51201,51501,51901",NO,NO,NO,ADQUISICIONES,NO,EL PAGO SE REALIZARA POR MEDIO DE TRANSFERENCIA BANCARIA,10,12,SI,NACIONAL,NO,,https://upcp-compranet.hacienda.gob.mx/sitiopublico/#/sitiopublico/detalle/e519793f1c7841efa31863854b85d9a3/procedimiento,28/08/2024
E-2024-00089480,LA-73-019-914010985-N-21-2024,073019 - SECRETARÍA DE SALUD,914010985 DIRECCIÓN DE RECURSOS MATERIALES DE OPD SERVICIOS DE SALUD JALISCO,julio.jimenez@ssj.gob.mx,"ADQUISICIÓN DE PAPELERÍA, ACCESORIOS, CÓMPUTO, EQUIPO MÉDICO, UNIFORMES, LLANTAS",LICITACIÓN PÚBLICA,JALISCO,2024,NO,27/08/2024 22:25,"21101,21401,25401,26102,27101,29401,29601,33604,35501,36101,51501,53101,53201,59101",NO,NO,NO,ADQUISICIONES,NO,CONFORME AL PROCEDIMIENTO SEÑALADO EN EL NUMERAL 8.1 DESCRIPCIÓN DEL PROCEDIMIENTO DE PAGO. DE LAS BASES,10,12,SI,NACIONAL,NO,,https://upcp-compranet.hacienda.gob.mx/sitiopublico/#/sitiopublico/detalle/b516322ab5454b8f80ed08a0ec908c45/procedimiento,28/08/2024
E-2024-00089421,LA-78-ZI1-919044992-N-8-2024,"078ZI1 - SERVICIOS DE SALUD DE NUEVO LEON, O.P.D.",919044992 SUB-DIRECCIÓN DE RECURSOS MATERIALES,raul.martinez@saludnl.gob.mx,"LA-919044992-E8-2024 ""ADQUISICIÓN DE GASOLINA (TARJETAS ELECTRONICAS)""",LICITACIÓN PÚBLICA,NUEVO LEÓN,2024,NO,27/08/2024 18:17,26102,NO,NO,NO,ADQUISICIONES,NO,"EN PESOS MEXICANOS, A LOS 20 DÍAS NATURALES CONTADOS A PARTIR DE LA ENTREGA DE LA FACTURA EN LAS OFICINAS DE RECURSOS FINANCIEROS DE LA CONVOCANTE, DEBIDAMENTE VALIDADA.",10,,SI,NACIONAL,NO,,https://upcp-compranet.hacienda.gob.mx/sitiopublico/#/sitiopublico/detalle/47c421afa1ae40879c8dde86f1df3238/procedimiento,28/08/2024
E-2024-00072356,IA-83-W21-924013994-N-7-2024,083W21 - OFICIALÍA MAYOR,924013994 OFICIALIA MAYOR,maqufo@gmail.com,COMBUSTIBLE,INVITACIÓN A CUANDO MENOS TRES PERSONAS,SAN LUIS POTOSÍ,2024,NO,27/08/2024 20:38,26102,NO,NO,NO,ADQUISICIONES,NO,"100% DENTRO DE LOS 20 (VEINTE) DÍAS NATURALES POSTERIORES A LA ENTREGA DE LA FACTURA Y DOCUMENTACIÓN COMPROBATORIA QUE AVALE LA ENTREGA DE LOS BIENES A ENTERA SATISFACCIÓN DEL ÁREA USUARIA, CONTADOS A PARTIR DE LA RECEPCIÓN DEL TRÁMITE DEBIDAMENTE REQUISITADA EN EL LUGAR DE PAGO INDICADO EN LA ORDEN DE COMPRA Y EN SU CASO HABER EFECTUADO EL INVENTARIO CORRESPONDIENTE.",10,5,SI,NACIONAL,NO,,https://upcp-compranet.hacienda.gob.mx/sitiopublico/#/sitiopublico/detalle/efd369e4752f4b6397086b847ee78865/procedimiento,28/08/2024
E-2024-00088023,PC-2024-00001053,050GYR - INSTITUTO MEXICANO DEL SEGURO SOCIAL,050GYR014 COORDINACION DE ABASTECIMIENTO Y EQUIPAMIENTO,elnathan.landa@imss.gob.mx,,LICITACIÓN PÚBLICA,VERACRUZ,2024,NO,,"15401,21101,21501,21601,21701,21801,22301,23201,24601,24801,25501,27101,27201,27301,29101,52901,53101",NO,NO,NO,ADQUISICIONES,NO,TRANSFERENCIA,10,,SI,NACIONAL,NO,CANTIDAD,https://upcp-compranet.hacienda.gob.mx/sitiopublico/#/sitiopublico/detalle/794e9f91d2194f4ebc48c721f7030c9f/proyecto,28/08/2024
E-2024-00088332,PC-2024-00001058,050GYR - INSTITUTO MEXICANO DEL SEGURO SOCIAL,050GYR013 COORDINACION DE ABASTECIMIENTO Y EQUIPAMIENTO,julia.bautista@imss.gob.mx,,LICITACIÓN PÚBLICA,OAXACA,2024,NO,,"21101,21601,22301,23301,23701,23801,24101,24601,24801,25401,25501,27201,29501,29601,51101,51901,52301,53101,53201,56201,56601",NO,NO,NO,ADQUISICIONES,NO,"EL PAGO SE REALIZARÁ CONFORME A LOS BIENES ENTREGADOS A LOS 20 DÍAS NATURALES POSTERIORES A LA ENTREGA POR PARTE DE “EL PROVEEDOR” DE LA SIGUIENTE DOCUMENTACIÓN: • REPRESENTACIÓN IMPRESA DEL COMPROBANTE FISCAL DIGITAL POR INTERNET (CFDI), QUE CUMPLA CON LOS REQUISITOS ESTABLECIDOS EN EL ARTICULO 29-A DEL CÓDIGO FISCAL DE LA FEDERACIÓN, EN LA QUE SE INDIQUE: O NÚMERO DE PROVEEDOR; O NÚMERO DE CONTRATO; O NÚMERO DE ALTA DE ALMACÉN; Y, O NÚMERO DE FIANZA Y DENOMINACIÓN SOCIAL DE LA AFIANZADORA.",,,NO,INTERNACIONAL BAJO LA COBERTURA DE TRATADOS,NO,,https://upcp-compranet.hacienda.gob.mx/sitiopublico/#/sitiopublico/detalle/0d8dd848d3fb47ef88133ffea1ca1b87/proyecto,28/08/2024
E-2024-00087337,IA-50-GYR-050GYR008-I-158-2024,050GYR - INSTITUTO MEXICANO DEL SEGURO SOCIAL,050GYR008 OFICINA DE ADQUISICION DE BIENES Y CONTRATACION DE SERVICIOS,enrique.lopezb@imss.gob.mx,IA-I158-2024 ADQUISICION DE MEDICAMENTOS,INVITACIÓN A CUANDO MENOS TRES PERSONAS,QUINTANA ROO,2024,NO,22/08/2024 13:43,25301,NO,NO,NO,ADQUISICIONES,NO,"EL PAGO SE REALIZARÁ EN PESOS MEXICANOS, A LOS 20 (VEINTE) DÍAS NATURALES POSTERIORES A LA ENTREGA POR PARTE DE “EL PRESTADOR DEL SERVICIO”, DE LOS REQUISITOS ESTABLECIDOS EN EL PROCEDIMIENTO PARA LA RECEPCIÓN, GLOSA Y APROBACIÓN DE DOCUMENTOS PRESENTADOS PARA TRÁMITE DE PAGO Y LA CONSTITUCIÓN, MODIFICACIÓN, CANCELACIÓN, OPERACIÓN Y CONTROL DE FONDOS FIJOS, PARA LA CUENTA 21053001",,12,NO,INTERNACIONAL ABIERTO,NO,,https://upcp-compranet.hacienda.gob.mx/sitiopublico/#/sitiopublico/detalle/a81dcd49835745948bec2c0dbe5dccf9/procedimiento,28/08/2024
E-2024-00087720,IA-66-014-907023963-N-9-2024,066014 - COLEGIO DE BACHILLERES DE CHIAPAS,907023963 DEPARTAMENTO DE RECURSOS MATERIALES,christian.perez.dam@cobach.edu.mx,32304.-ARRENDAMIENTO DE EQUIPO DE ADMINISTRACION,INVITACIÓN A CUANDO MENOS TRES PERSONAS,CHIAPAS,2024,NO,23/08/2024 10:39,32301,NO,NO,NO,SERVICIOS,NO,TRANSFERENCIA BANCARIO DE FONDOS,10,,SI,NACIONAL,NO,,https://upcp-compranet.hacienda.gob.mx/sitiopublico/#/sitiopublico/detalle/00ae3bc7600b4334ba32b562bda58d1a/procedimiento,28/08/2024
E-2024-00082998,LA-07-HZI-007HZI999-N-142-2024,"007HZI - AEROPUERTO INTERNACIONAL FELIPE ÁNGELES, S.A DE C.V.",007HZI999 SUBDIRECCIÓN DE RECURSOS MATERIALES,lsanchezg@aifa.aero,SERVICIO INTEGRAL DE INFRAESTRUCTURA DEL SISTEMA PERIMETRAL DE DETECCIÓN DE INTR,LICITACIÓN PÚBLICA,MÉXICO,2024,NO,19/08/2024 14:32,31904,NO,,NO,SERVICIOS,NO,"A. DE CONFORMIDAD CON LO DISPUESTO EN LOS ARTÍCULOS 45 FRACCIONES XIII, XIV Y 51 ÚLTIMO PÁRRAFO DE LA RLAASP, EL PAGO DE LOS SERVICIOS SE CUBRIRÁ EN PESOS MEXICANOS A TRAVÉS DE TRANSFERENCIA ELECTRÓNICA, AL NÚMERO DE CUENTA QUE PARA TAL EFECTO SE PROPORCIONE, DENTRO DE LOS VEINTE DÍAS NATURALES SIGUIENTES, CONTADOS A PARTIR DE LA ENTREGA DEL CFDI CORRESPONDIENTE QUE AMPARE LA PRESTACIÓN DEL SERVICIO. B. EL PAGO DEL SERVICIO SE REALIZARÁ DE EN MENSUALIDADES, ACORDE A LOS SERVICIOS REQUERIDOS Y B",10,4,SI,NACIONAL,NO,,https://upcp-compranet.hacienda.gob.mx/sitiopublico/#/sitiopublico/detalle/b57d7e1d22ad4357885274fae3335aa6/procedimiento,28/08/2024
E-2024-00085813,IA-07-110-007000999-T-721-2024,007000 - SECRETARIA DE LA DEFENSA NACIONAL,007000999 SUBDIRECCIÓN DE ADQUISICIONES,jucuahutlej@sedena.gob.mx,ADQUISICION DE EQUIPO MEDICO PARA QUIMICA FORENSE,INVITACIÓN A CUANDO MENOS TRES PERSONAS,CIUDAD DE MÉXICO,2024,NO,09/08/2024 14:14,"51101,51901,53101,53201",NO,NO,NO,ADQUISICIONES,NO,CONFORME A LAS BASES DEL PROCEDIMIENTO,10,24,SI,INTERNACIONAL BAJO LA COBERTURA DE TRATADOS,NO,,https://upcp-compranet.hacienda.gob.mx/sitiopublico/#/sitiopublico/detalle/3ea2cddba1d441e8a88ac6f7d121f70d/procedimiento,28/08/2024
E-2024-00087272,LA-07-HZI-007HZI999-N-143-2024,"007HZI - AEROPUERTO INTERNACIONAL FELIPE ÁNGELES, S.A DE C.V.",007HZI999 SUBDIRECCIÓN DE RECURSOS MATERIALES,lsanchezg@aifa.aero,ESTUDIOS DE CUMPLIMIENTO AMBIENTAL PARA EL AEROPUERTO INTERNACIONAL FELIPE ÁNGE,LICITACIÓN PÚBLICA,MÉXICO,2024,NO,19/08/2024 21:23,33501,NO,,NO,SERVICIOS,NO,EL PAGO DE LOS SERVICIOS SE CUBRIRÁ DE FORMA PROGRESIVA,10,10,SI,NACIONAL,NO,,https://upcp-compranet.hacienda.gob.mx/sitiopublico/#/sitiopublico/detalle/605a1c892276468a869c09625832be42/procedimiento,28/08/2024
E-2024-00082431,LA-07-112-007000997-I-414-2024,007000 - SECRETARIA DE LA DEFENSA NACIONAL,007000997 SUBDIRECCIÓN DE ADQUISICIONES,industriamilitar.dn28@sedena.gob.mx,FP04-TM-R014/2024 ADQUISICION DE EQUIPOS DE CARGA (A),LICITACIÓN PÚBLICA,PUEBLA,2024,NO,30/07/2024 23:27,"54103,56201,56301",NO,,NO,ADQUISICIONES,NO,TRANSFERENCIA ELECTRONICA,10,12,SI,INTERNACIONAL ABIERTO,NO,,https://upcp-compranet.hacienda.gob.mx/sitiopublico/#/sitiopublico/detalle/c150dc44df874ce6ae1f5dcfe0fc8090/procedimiento,28/08/2024
E-2024-00088745,IA-50-GYR-050GYR015-T-188-2024,050GYR - INSTITUTO MEXICANO DEL SEGURO SOCIAL,050GYR015 DEPARTAMENTO DE ADQUISICIÓN DE BIENES Y CONTRATACIÓN DE SERVICIOS TABASCO,oliver.payro@imss.gob.mx,SERVICIO MÉDICO INTEGRAL DE ESTUDIOS DE LABORATORIO CLÍNICO PARA EL HOSPITAL GEN,INVITACIÓN A CUANDO MENOS TRES PERSONAS,TABASCO,2024,NO,23/08/2024 17:26,33903,NO,NO,NO,SERVICIOS,NO,"EL LICITANTE ADJUDICADO DEBERÁ PRESENTAR A LA FECHA DEL CORTE DE LOS SERVICIOS, LA REPRESENTACIÓN IMPRESA DEL COMPROBANTE FISCAL DIGITAL (FACTURA ELECTRÓNICA). LOS REQUISITOS PARA EL PROCESO DE PAGO SON LOS SIGUIENTES: - EVIDENCIA DE LA EXISTENCIA DE UN CONVENIO O CONTRATO, O DEL DOCUMENTO CON EL QUE SE JUSTIFIQUE LA EXISTENCIA DE UNA OBLIGACIÓN DEL IMSS PARA EL PAGO DE UNA CONTRAPRESTACIÓN; - REPRESENTACIÓN IMPRESA DEL COMPROBANTE FISCAL DIGITAL POR INTERNET (CFDI) POR LOS BIENES O SERVICIOS",10,,SI,INTERNACIONAL BAJO LA COBERTURA DE TRATADOS,NO,MONTO,https://upcp-compranet.hacienda.gob.mx/sitiopublico/#/sitiopublico/detalle/c4672e7e8a8841d4966f9898a8920f20/procedimiento,28/08/2024
E-2024-00087595,IA-83-W22-924016995-N-13-2024,083W22 - SECRETARÍA DE SALUD,924016995 DEPARTAMENTO DE ADQUISICIONES DE LOS SERVICIOS DE SALUD,invitaciones@slpsalud.gob.mx,SERVICIO DE RPBI PARA LAS UNIDADES MÉDICAS Y ADMINISTRATIVAS DE SERVICIOS DE SAL,INVITACIÓN A CUANDO MENOS TRES PERSONAS,SAN LUIS POTOSÍ,2024,NO,23/08/2024 17:37,35801,NO,NO,NO,SERVICIOS,NO,TRANSFERENCIA ELECTRONICA DE FONDOS,10,,SI,NACIONAL,NO,,https://upcp-compranet.hacienda.gob.mx/sitiopublico/#/sitiopublico/detalle/f675a0a15f4246a1a50c9c6d7cbd47fe/procedimiento,28/08/2024
E-2024-00087744,IA-66-014-907023963-N-10-2024,066014 - COLEGIO DE BACHILLERES DE CHIAPAS,907023963 DEPARTAMENTO DE RECURSOS MATERIALES,christian.perez.dam@cobach.edu.mx,21701.- MATERIALES DIDACTICOS PARA PLANTELES EDUCATIVOS,INVITACIÓN A CUANDO MENOS TRES PERSONAS,CHIAPAS,2024,NO,23/08/2024 10:55,21701,NO,NO,NO,ADQUISICIONES,NO,TRANSFERENCIA ELECTRONICA DE FONDOS,10,,SI,NACIONAL,NO,,https://upcp-compranet.hacienda.gob.mx/sitiopublico/#/sitiopublico/detalle/8e072d79c61244999de410a524844150/procedimiento,28/08/2024
E-2024-00086971,LA-07-H0M-007H0M001-I-22-2024,"007H0M - TREN MAYA, S.A. DE C.V.",007H0M001 COORDINACIÓN GENERAL DE RECURSOS MATERIALES Y SERVICIOS GENERALES,compras6trenmaya@gmail.com,CONSUMIBLES DE IMPRESIÓN PARA LOS EQUIPOS INSTALADOS EN LOS EDIFICIOS CORPORATIV,LICITACIÓN PÚBLICA,YUCATÁN,2024,NO,16/08/2024 23:30,"21201,21401,29401",NO,NO,NO,ADQUISICIONES,NO,TRANSFERENCIA ELECTRONICA DE FONDOS.,10,,SI,INTERNACIONAL ABIERTO,NO,,https://upcp-compranet.hacienda.gob.mx/sitiopublico/#/sitiopublico/detalle/81e2ab20e4c44f7a9267408318dbe30f/procedimiento,28/08/2024
E-2024-00086933,IA-63-ZA1-904072973-N-25-2024,063ZA1 - COLEGIO DE ESTUDIOS CIENTÍFICOS Y TECNOLÓGICOS DEL ESTADO DE CAMPECHE,904072973 DIRECCION DE PLANEACION,linda.aguilar@cecytcampeche.edu.mx,ADQUISICIÓN DE PÓLIZA DE SEGURO INSTITUCIONAL DE VIDA E INVALIDEZ TOTAL Y PERMAN,INVITACIÓN A CUANDO MENOS TRES PERSONAS,CAMPECHE,2024,NO,15/08/2024 15:26,33901,NO,NO,NO,SERVICIOS,NO,UNA SOLA EXHIBICIÓN,,,NO,NACIONAL,NO,,https://upcp-compranet.hacienda.gob.mx/sitiopublico/#/sitiopublico/detalle/6a205781ffc7400d95589e219f6ce2ee/procedimiento,28/08/2024
E-2024-00086296,IO-87-Y03-928010997-N-64-2024,087Y03 - SECRETARIA DE OBRAS PUBLICAS DEL GOBIERNO DEL ESTADO DE TAMAULIPAS,928010997 COMITÉ TÉCNICO PARA LA LICITACIÓN DE OBRAS PÚBLICAS,jose.torres@tamaulipas.gob.mx,TRABAJOS DE REHABILITACION Y OBRAS COMPLEMENTARIAS,INVITACIÓN A CUANDO MENOS TRES PERSONAS,TAMAULIPAS,2024,NO,13/08/2024 15:42,62302,NO,,NO,OBRA PÚBLICA,SI,,,12,SI,NACIONAL,NO,,https://upcp-compranet.hacienda.gob.mx/sitiopublico/#/sitiopublico/detalle/94614edfa02b46e3b5851be2c63e448a/procedimiento,28/08/2024
E-2024-00086049,LO-09-J0U-009J0U002-N-169-2024,009J0U - CAMINOS Y PUENTES FEDERALES DE INGRESOS Y SERVICIOS CONEXOS,009J0U002 DIRECCIÓN DE INFRAESTRUCTURA CARRETERA,hevidalm@capufe.gob.mx,N-169/24 OFC SUPERVISIÓN Y CONTROL DE CALIDAD DE LA OBRA: REPARACIÓN DE LA ALCAN,LICITACIÓN PÚBLICA,MORELOS,2024,NO,12/08/2024 12:02,62903,NO,,NO,SERVICIOS RELACIONADOS CON LA OBRA,NO,,,12,SI,NACIONAL,NO,,https://upcp-compranet.hacienda.gob.mx/sitiopublico/#/sitiopublico/detalle/4e781eff44c34df9a0aa4bcaa599327d/procedimiento,28/08/2024
E-2024-00086438,LA-50-GYR-050GYR028-N-116-2024,050GYR - INSTITUTO MEXICANO DEL SEGURO SOCIAL,050GYR028 COORDINACION DE ABASTECIMIENTO Y EQUIPAMIENTO DELEGACION REGIONAL ESTADO DE MEXICO ORIENTE,sandra.nacar@imss.gob.mx,SERVICIO DE MANTENIMIENTO CORRECTIVO A MOBILIARIO,LICITACIÓN PÚBLICA,MÉXICO,2024,NO,13/08/2024 16:29,35201,NO,NO,NO,SERVICIOS,NO,TRANSFERENCIA INTERBANCARIA,10,,SI,NACIONAL,NO,MONTO,https://upcp-compranet.hacienda.gob.mx/sitiopublico/#/sitiopublico/detalle/a8072cdac2b74766994e305760df4a33/procedimiento,28/08/2024
E-2024-00086430,LA-72-006-913018952-N-31-2024,072006 - COLEGIO DE BACHILLERES DEL ESTADO DE HIDALGO,913018952 DIRECCIÓN DE SERVICIOS ADMINISTRATIVOS,julio.diaz@cobaeh.edu.mx,SEGURO DE VIDA PARA LOS TRABAJADORES DE COBAEH,LICITACIÓN PÚBLICA,HIDALGO,2024,NO,14/08/2024 17:42,14401,NO,,NO,SERVICIOS,NO,"EL PAGO TOTAL SE EFECTUARÁ A LOS 20 DIAS NATURALES CONTADOS A PARTIR DE LA ENTREGA DE LA FACTURA RESPECTIVA, PREVIA ENTREGA DE LAS POLIZAS DE SEGURO DE VIDA LOS TÉRMINOS DEL CONTRATO Y A SATISFACCIÓN DEL COLEGIO DE BACHILLERES DEL ESTADO DE HIDALGO ESTE SE REALIZARÁ A TRAVÉS DE TRANSFERENCIA ELECTRONICA DE ACUERDO A SU PROGRAMACIÓN FINANCIERA. LOS PRECIOS PERMANECERÁN FIJOS Y NO HABRÁ ESCALATORIA ALGUNA. NO SE OTORGARÁN ANTICIPOS",10,,SI,NACIONAL,NO,,https://upcp-compranet.hacienda.gob.mx/sitiopublico/#/sitiopublico/detalle/ec05154b67d94e3a9a348497c4f9d157/procedimiento,28/08/2024
E-2024-00086384,LA-09-J0U-009J0U001-N-82-2024,009J0U - CAMINOS Y PUENTES FEDERALES DE INGRESOS Y SERVICIOS CONEXOS,009J0U001 GERENCIA DE RECURSOS MATERIALES,jrojas@capufe.gob.mx,CONTRATACIÓN DEL ARRENDAMIENTO DEL “DERECHO DE USO DEL LICENCIAMIENTO SUSE LINUX,LICITACIÓN PÚBLICA,MORELOS,2024,NO,14/08/2024 17:45,32701,NO,NO,NO,ARRENDAMIENTOS,NO,EL PAGO SEL PAGO SE REALIZARÁ EN UNA SOLA EXHIBICIÓN Y EN MONEDA NACIONAL.E REALIZARÁ EN UNA SOLA EXHIBICIÓN Y EN MONEDA NACIONAL.,10,,SI,NACIONAL,NO,,https://upcp-compranet.hacienda.gob.mx/sitiopublico/#/sitiopublico/detalle/9405fd0cbaf04cf1af565346c3488141/procedimiento,28/08/2024
E-2024-00081511,IA-80-U88-921002997-N-104-2024,080U88 - SECRETARÍA DE ADMINISTRACIÓN,921002997 DIRECCIÓN DE ADQUISICIONES DE BIENES Y SERVICIOS,jesica.tovar@puebla.gob.mx,CONTRATACIÓN DEL SERVICIO DE DIGITALIZACIÓN DE 96079 DOCUMENTOS O FOJAS DEL FOND,INVITACIÓN A CUANDO MENOS TRES PERSONAS,PUEBLA,2024,NO,21/08/2024 18:45,33606,NO,NO,NO,SERVICIOS,NO,"EL PAGO SE REALIZARÁ EN UNA SOLA EXHIBICIÓN, A LOS 20 DÍAS NATURALES POSTERIORES A LA PRESENTACIÓN DE LAS FACTURAS, MISMAS QUE DEBERÁN VENIR DEBIDAMENTE REQUISITADAS, ASÍ COMO DE LOS ENTREGABLES RECIBIDOS A ENTERA SATISFACCIÓN POR LA REQUIRENTE.",10,,SI,NACIONAL,NO,,https://upcp-compranet.hacienda.gob.mx/sitiopublico/#/sitiopublico/detalle/84187e1510a245d5a4d7fb66b2a5a721/procedimiento,28/08/2024
E-2024-00083178,IA-80-U88-921002997-N-105-2024,080U88 - SECRETARÍA DE ADMINISTRACIÓN,921002997 DIRECCIÓN DE ADQUISICIONES DE BIENES Y SERVICIOS,jesica.tovar@puebla.gob.mx,ADQUISICIÓN DE DIVERSOS BIENES PARA EL PROGRAMA FORTALECIMIENTO DE LOS SERVICIOS,INVITACIÓN A CUANDO MENOS TRES PERSONAS,PUEBLA,2024,NO,21/08/2024 19:22,"21701,23801",NO,NO,NO,ADQUISICIONES,NO,"EL PAGO SE REALIZARÁ EN UNA SOLA EXHIBICIÓN DENTRO DE LOS 20 DÍAS NATURALES POSTERIORES A LA PRESENTACIÓN DE CADA FACTURA, UNA VEZ QUE LOS BIENES HAYAN SIDO RECIBIDOS A ENTERA SATISFACCIÓN DE LA REQUIRENTE",10,,SI,NACIONAL,NO,,https://upcp-compranet.hacienda.gob.mx/sitiopublico/#/sitiopublico/detalle/dfa5b8a722e1412884b9dcad7fe49a53/procedimiento,28/08/2024
E-2024-00082380,LA-11-L6H-011L6H002-N-34-2024,011L6H - COMISION DE OPERACION Y FOMENTO DE ACTIVIDADES ACADEMICAS DEL INSTITUTO POLITECNICO NACIONAL,011L6H002 DIRECCION DE ADQUISICIONES,bcastillo@cofaa.ipn.mx,MANTENIMIENTO DE ÁREAS DEPORTIVAS Y ESPACIOS ADMINISTRATIVOS DEL CECYT 17 “LEÓN,LICITACIÓN PÚBLICA,CIUDAD DE MÉXICO,2024,NO,26/07/2024 13:48,35102,NO,,NO,SERVICIOS,SI,"LA CONVOCANTE REALIZARÁ EL PAGO DE LOS SERVICIOS EN UNA SOLA EXHIBICIÓN, DENTRO DE LOS 20 DÍAS NATURALES CONTADOS A PARTIR DE LA ENTREGA DE LA FACTURA QUE LOS AMPARE, PREVIA RECEPCIÓN DE LOS MISMOS A ENTERA SATISFACCIÓN DE LA CONVOCANTE Y, EN SU CASO, EL MISMO QUEDARÁ CONDICIONADO PROPORCIONALMENTE AL PAGO QUE EL PROVEEDOR O LA PROVEEDORA DEBA EFECTUAR POR CONCEPTO DE PENAS CONVENCIONALES O DEDUCTIVAS.",10,12,SI,NACIONAL,NO,,https://upcp-compranet.hacienda.gob.mx/sitiopublico/#/sitiopublico/detalle/833af4d20f274237bc727f09e8b1f60f/procedimiento,28/08/2024
E-2024-00088198,IA-63-O57-904019991-N-6-2024,063O57 - COLEGIO DE BACHILLERES DEL ESTADO DE CAMPECHE,904019991 RECURSOS MATERIALES Y SERVICIOS GENERALES,jorge.matos@cobacam.edu.mx,SERVICIOS DE MANTENIMIENTOS PREVENTIVOS Y CORRECTIVOS A EQUIPOS DE AIRE ACONDICI,INVITACIÓN A CUANDO MENOS TRES PERSONAS,CAMPECHE,2024,NO,22/08/2024 13:36,35701,NO,NO,NO,SERVICIOS,NO,DOS EXHIBICIONES LA PRIMERA A LA FIRMA DEL CONTRATO Y LA SEGUNDA AL CONCLUIR LOS SEVICIOS EN SU TOTALIDAD Y CONTRA ENTREGA-RECEPCION (ACTA DE CONFORMIDAD),10,,SI,NACIONAL,NO,,https://upcp-compranet.hacienda.gob.mx/sitiopublico/#/sitiopublico/detalle/ddbe828d08a84f6b944acc1a2e638f72/procedimiento,28/08/2024
E-2024-00086497,LA-09-J0U-009J0U022-N-22-2024,009J0U - CAMINOS Y PUENTES FEDERALES DE INGRESOS Y SERVICIOS CONEXOS,"009J0U022 SUBGERENCIA DE ADMINISTRACIÓN, UNIDAD REGIONAL PUEBLA",emolina@capufe.gob.mx,MANTTO A TABLEROS ELECTRÓNICOS Y CÁMARAS WEB,LICITACIÓN PÚBLICA,PUEBLA,2024,NO,13/08/2024 23:43,35301,NO,,NO,SERVICIOS,NO,"LOS PAGOS SE REALIZARÁN POR SERVICIOS Y MENSUALIDADES DEVENGADAS, EL CUAL SE CUBRIRÁ CON POSTERIORIDAD A LA ACEPTACIÓN DE LOS SERVICIOS.",10,12,SI,NACIONAL,NO,MONTO,https://upcp-compranet.hacienda.gob.mx/sitiopublico/#/sitiopublico/detalle/403881970a9d40c49c97841353bbe12a/procedimiento,28/08/2024
E-2024-00086059,IO-50-GYR-050GYR119-N-33-2024,050GYR - INSTITUTO MEXICANO DEL SEGURO SOCIAL,050GYR119 COORDINACIÓN DE CONTRATACIÓN DE OBRA PÚBLICA Y SERVICIOS- DIV. DE PROCESOS DE CONTRATACIÓN,rafael.perezf@imss.gob.mx,"SUPERVISION Y CONTROL DE LA UMF NO. 15 EN MONTERREY, NUEVO LEON.",INVITACIÓN A CUANDO MENOS TRES PERSONAS,CIUDAD DE MÉXICO,2024,NO,12/08/2024 18:09,33201,NO,,SI,SERVICIOS RELACIONADOS CON LA OBRA,NO,,,12,SI,NACIONAL,NO,,https://upcp-compranet.hacienda.gob.mx/sitiopublico/#/sitiopublico/detalle/ae13adac8d3d494cba5a9533306d0737/procedimiento,28/08/2024
E-2024-00086443,IA-50-GYR-050GYR110-N-81-2024,050GYR - INSTITUTO MEXICANO DEL SEGURO SOCIAL,050GYR110 JEFATURA DE SERVICIOS ADMINISTRATIVOS DELEGACION QUERETARO,miguel.aboytes@imss.gob.mx,MANTENIMIENTO A INSTRUMENTAL MEDICO,INVITACIÓN A CUANDO MENOS TRES PERSONAS,QUERÉTARO,2024,NO,14/08/2024 16:22,53201,NO,NO,NO,SERVICIOS,NO,1 EXHIBICION,1,12,SI,NACIONAL,NO,,https://upcp-compranet.hacienda.gob.mx/sitiopublico/#/sitiopublico/detalle/363e87d6af394860bfcae1dfa533270f/procedimiento,28/08/2024
E-2024-00081355,LA-50-GYR-050GYR069-T-129-2024,050GYR - INSTITUTO MEXICANO DEL SEGURO SOCIAL,"050GYR069 DEPARTAMENTO DE ADQUISICIONES, BIENES Y EQUIPAMIENTO",sergio.ortizc@imss.gob.mx,ADQUISICIÓN DE EQUIPO DE COCINA Y COMEDOR ASOCIADO A OBRA,LICITACIÓN PÚBLICA,CAMPECHE,2024,NO,15/08/2024 12:26,"22301,51201,51901,53101,56201",NO,NO,NO,ADQUISICIONES,NO,PROGRESIVO POR BIENES ENTREGADOS POR MEDIO DE FACTURAS,10,,SI,INTERNACIONAL BAJO LA COBERTURA DE TRATADOS,NO,,https://upcp-compranet.hacienda.gob.mx/sitiopublico/#/sitiopublico/detalle/27f92fc077ba45db9c688dbc044bbd4a/procedimiento,28/08/2024
E-2024-00087774,IA-66-014-907023963-N-13-2024,066014 - COLEGIO DE BACHILLERES DE CHIAPAS,907023963 DEPARTAMENTO DE RECURSOS MATERIALES,christian.perez.dam@cobach.edu.mx,24201.- CEMENTO Y PRODUCTOS DE CONCRETO,INVITACIÓN A CUANDO MENOS TRES PERSONAS,CHIAPAS,2024,NO,23/08/2024 11:33,24201,NO,NO,NO,ADQUISICIONES,NO,TRASNFERANCIA ELECTRONICA DE FONDOS,10,,SI,NACIONAL,NO,,https://upcp-compranet.hacienda.gob.mx/sitiopublico/#/sitiopublico/detalle/998b51a4f1f0408a96ca5ecb51dc2e8a/procedimiento,28/08/2024
E-2024-00087775,IA-66-014-907023963-N-14-2024,066014 - COLEGIO DE BACHILLERES DE CHIAPAS,907023963 DEPARTAMENTO DE RECURSOS MATERIALES,christian.perez.dam@cobach.edu.mx,24601.- MATERIAL ELÉCTRICO Y ELECTRÓNICO,INVITACIÓN A CUANDO MENOS TRES PERSONAS,CHIAPAS,2024,NO,23/08/2024 11:51,24601,NO,NO,NO,ADQUISICIONES,NO,TRANSFERENCIA ELECTRONICA DE FONDOS,10,,SI,NACIONAL,NO,,https://upcp-compranet.hacienda.gob.mx/sitiopublico/#/sitiopublico/detalle/07d5dab737394424b011e79f43b09e6e/procedimiento,28/08/2024
E-2024-00085182,IA-64-O79-905025992-N-3-2024,064O79 - INSTITUTO COAHUILENSE DE LA INFRAESTRUCTURA FÍSICA EDUCATIVA,905025992 DIRECCIÓN TÉCNICA- SUBDIRECCIÓN DE LICITACIÓN,elisa-rosas@icifed.com.mx,SUMINISTRO DE MOBILIARIO Y EQUIPO PARA PLANTELES DE NIVEL SUPERIOR DEL ESTADO DE,INVITACIÓN A CUANDO MENOS TRES PERSONAS,COAHUILA DE ZARAGOZA,2024,NO,16/08/2024 11:39,21701,NO,NO,NO,ADQUISICIONES,NO,"DEBERA PRESENTAR UNA UNICA FACTURA. LA FACTURACIÓN DEBERÁ HACERSE A NOMBRE DEL INSTITUTO COAHUILENSE DE LA INFRAESTRUCTURA FÍSICA EDUCATIVA CON DOMICILIO FISCAL EN BLVD. PASEO DE LA REFORMA N° 1729, COL. RANCHO LAS VARAS C.P. 25020 EN LA CIUDAD DE SALTILLO, COAHUILA CON REGISTRO FEDERAL DE CONTRIBUYENTES ICI0905195Y6, CUMPLIR TODOS LOS REQUISITOS FISCALES ESTABLECIDOS POR EL CÓDIGO FISCAL DE LA FEDERACIÓN, Y DEBERÁ PRESENTAR MEMORIA FOTOGRAFÍA DE EVIDENCIA DE ENTREGA DE MATERIAL, INSTALACIÓN Y P",10,,SI,NACIONAL,NO,,https://upcp-compranet.hacienda.gob.mx/sitiopublico/#/sitiopublico/detalle/12beee8592464984a0a2bd51f0e3d771/procedimiento,28/08/2024
E-2024-00086981,IA-11-L6H-011L6H001-N-7-2024,011L6H - COMISION DE OPERACION Y FOMENTO DE ACTIVIDADES ACADEMICAS DEL INSTITUTO POLITECNICO NACIONAL,011L6H001 DIRECCION DE ADQUISICIONES,tcastillog@cofaa.ipn.mx,ADQUISICIÓN DE MATERIAL PARA MANTENIMIENTO Y CONSERVACIÓN DE LOS INMUEBLES DE LA,INVITACIÓN A CUANDO MENOS TRES PERSONAS,CIUDAD DE MÉXICO,2024,NO,15/08/2024 22:11,24901,NO,NO,NO,ADQUISICIONES,NO,TRANSFERENCIA ELECTRONICA,10,,SI,NACIONAL,NO,,https://upcp-compranet.hacienda.gob.mx/sitiopublico/#/sitiopublico/detalle/b965a62aaa904837868499cb9625e217/procedimiento,28/08/2024
E-2024-00085799,LA-49-830-049000975-N-116-2024,049000 - FISCALIA GENERAL DE LA REPUBLICA,049000975 DIRECCION DE ADQUISICIONES,maribel.alvarezg@fgr.org.mx,SERVICIO DE MTTO PREV Y CORRECT A EQUIPO DIVER DE LAB QUIMICA Y GENETICA FORENSE,LICITACIÓN PÚBLICA,CIUDAD DE MÉXICO,2024,NO,12/08/2024 14:39,35701,NO,,NO,SERVICIOS,NO,TRANSFERENCIA ELECTRÓNICA,10,,SI,NACIONAL,NO,MONTO,https://upcp-compranet.hacienda.gob.mx/sitiopublico/#/sitiopublico/detalle/bbe34d22cfdc4887a1ced03f85e7ceac/procedimiento,28/08/2024
E-2024-00087776,IA-66-014-907023963-N-15-2024,066014 - COLEGIO DE BACHILLERES DE CHIAPAS,907023963 DEPARTAMENTO DE RECURSOS MATERIALES,christian.perez.dam@cobach.edu.mx,24801.- MATERIALES COMPLEMENTARIOS,INVITACIÓN A CUANDO MENOS TRES PERSONAS,CHIAPAS,2024,NO,23/08/2024 12:11,24801,NO,NO,NO,ADQUISICIONES,NO,TRASFERENCIA ELECTRONICA DE FONDOS,10,,SI,NACIONAL,NO,,https://upcp-compranet.hacienda.gob.mx/sitiopublico/#/sitiopublico/detalle/134821ac843b481f9c40a140ab69037c/procedimiento,28/08/2024
E-2024-00087777,IA-66-014-907023963-N-16-2024,066014 - COLEGIO DE BACHILLERES DE CHIAPAS,907023963 DEPARTAMENTO DE RECURSOS MATERIALES,christian.perez.dam@cobach.edu.mx,24901. OTROS MATERIALES Y ARTÍCULOS DE CONSTRUCCIÓN Y REPARACIÓN,INVITACIÓN A CUANDO MENOS TRES PERSONAS,CHIAPAS,2024,NO,23/08/2024 12:25,24901,NO,NO,NO,ADQUISICIONES,NO,TRANSFERENCIA ELECTRONICA DE FONDOS,10,,SI,NACIONAL,NO,,https://upcp-compranet.hacienda.gob.mx/sitiopublico/#/sitiopublico/detalle/a5134152543a43f886df03392a5c3775/procedimiento,28/08/2024
E-2024-00086320,LO-67-021-908069995-N-19-2024,067021 - JUNTA MUNICIPAL DE AGUA Y SANEAMIENTO DE JUÁREZ,908069995 UNIDAD DE ADQUISICIONES,emoreno@jmasjuarez.gob.mx,REPOSICION DE DRENAJE DE 20 CM EN ZONA CENTRO,LICITACIÓN PÚBLICA,CHIHUAHUA,2024,NO,13/08/2024 18:13,61400,NO,,NO,OBRA PÚBLICA,SI,,,12,SI,NACIONAL,NO,,https://upcp-compranet.hacienda.gob.mx/sitiopublico/#/sitiopublico/detalle/758292b008204ab78863b4a2ff141b63/procedimiento,28/08/2024
E-2024-00088058,IA-71-022-912070982-N-4-2024,071022 - SECRETARÍA DE CONTRALORÍA Y TRANSPARENCIA GUBERNAMENTAL,912070982 DELEGACIÓN ADMINISTRATIVA,erick.gm806@gmail.com,ADQUISICION DE VEHICULOS,INVITACIÓN A CUANDO MENOS TRES PERSONAS,GUERRERO,2024,NO,22/08/2024 19:27,54103,NO,NO,NO,ADQUISICIONES,NO,TRANSFERENCIA ELECTRONICA DE FONDOS.,10,12,SI,NACIONAL,NO,,https://upcp-compranet.hacienda.gob.mx/sitiopublico/#/sitiopublico/detalle/8a87816fa7c5415f977189f769fff622/procedimiento,28/08/2024
E-2024-00087338,IA-50-GYR-050GYR008-I-159-2024,050GYR - INSTITUTO MEXICANO DEL SEGURO SOCIAL,050GYR008 OFICINA DE ADQUISICION DE BIENES Y CONTRATACION DE SERVICIOS,enrique.lopezb@imss.gob.mx,IA-I159-2024 ADQUISICION DE MATERIAL DE CURACION RADIOLOGICO Y LABORATORIO,INVITACIÓN A CUANDO MENOS TRES PERSONAS,QUINTANA ROO,2024,NO,22/08/2024 13:46,"23601,24601,25101,25401,25501,27101,53201",NO,NO,NO,ADQUISICIONES,NO,"EL PAGO SE REALIZARÁ EN PESOS MEXICANOS, A LOS 20 (VEINTE) DÍAS NATURALES POSTERIORES A LA ENTREGA POR PARTE DE “EL PRESTADOR DEL SERVICIO”, DE LOS REQUISITOS ESTABLECIDOS EN EL PROCEDIMIENTO PARA LA RECEPCIÓN, GLOSA Y APROBACIÓN DE DOCUMENTOS PRESENTADOS PARA TRÁMITE DE PAGO Y LA CONSTITUCIÓN, MODIFICACIÓN, CANCELACIÓN, OPERACIÓN Y CONTROL DE FONDOS FIJOS, PARA LA CUENTA 21053002",,12,NO,INTERNACIONAL ABIERTO,NO,,https://upcp-compranet.hacienda.gob.mx/sitiopublico/#/sitiopublico/detalle/c2e787473a3f4b09bcc0c86cc74fe485/procedimiento,28/08/2024
E-2024-00087579,IA-66-014-907023963-N-8-2024,066014 - COLEGIO DE BACHILLERES DE CHIAPAS,907023963 DEPARTAMENTO DE RECURSOS MATERIALES,christian.perez.dam@cobach.edu.mx,35106.-MANTENIMIENTO Y CONSERVACION DE INMUEBLES,INVITACIÓN A CUANDO MENOS TRES PERSONAS,CHIAPAS,2024,NO,23/08/2024 11:06,35101,NO,NO,NO,SERVICIOS,NO,TRASFERENCIA ELECTRONICA DE FONDOS,10,,SI,NACIONAL,NO,,https://upcp-compranet.hacienda.gob.mx/sitiopublico/#/sitiopublico/detalle/88d293c83f394fd2a71c11d48813d070/procedimiento,28/08/2024
E-2024-00088186,IA-60-N56-901026999-T-40-2024,060N56 - INSTITUTO DE SERVICIOS DE SALUD DEL ESTADO DE AGUASCALIENTES,901026999 DEPTO. DE ADQUISICIONES,saul.martinez@issea.gob.mx,PRESTACIÓN DE DIVERSOS SERVICIOS SUBROGADOS E INTEGRALES PARA EL C.H.M.H.,INVITACIÓN A CUANDO MENOS TRES PERSONAS,AGUASCALIENTES,2024,NO,22/08/2024 12:21,33901,NO,NO,NO,SERVICIOS,NO,"LOS PAGOS SE REALIZARÁN EN MONEDA NACIONAL, CONTRA ENTREGA DE LOS BIENES/PRESTACIÓN DE SERVICIOS DENTRO DE LOS 20 DÍAS NATURALES POSTERIORES A LA PRESENTACIÓN DE IMPRESIONES DE CFDI PREVIO VALIDACIÓN DE LA DIRECCIÓN DEL ÁREA DE RECURSOS FINANCIEROS DE ESTE INSTITUTO, DE ACUERDO A LA FECHA DE ENTREGA SEÑALADA PARA LA ENTREGA DE LOS BIENES Y/O SERVICIOS DE LA PRESENTE CONVOCATORIA.",,,NO,INTERNACIONAL BAJO LA COBERTURA DE TRATADOS,NO,,https://upcp-compranet.hacienda.gob.mx/sitiopublico/#/sitiopublico/detalle/c3e7b0c9a7d7456ba791118d588d9ba9/procedimiento,28/08/2024
E-2024-00086376,LA-07-H0C-007H0C999-N-83-2024,"007H0C - GRUPO AEROPORTUARIO, FERROVIARIO, DE SERVICIOS AUXILIARES Y CONEXOS, OLMECA-MAYA-MEXICA, S.A. DE C.V.",007H0C999 DIRECCIÓN GENERAL DE RECURSOS MATERIALES Y SERVICIOS GENERALES,lsolism@gafsacomm.com,SERVICIO DE ASEGURAMIENTO DE BIENES PATRIMONIALES,LICITACIÓN PÚBLICA,MÉXICO,2024,NO,15/08/2024 12:10,"34501,39602",NO,NO,NO,SERVICIOS,NO,"CON FUNDAMENTO EN EL ARTÍCULO 13 ÚLTIMO PÁRRAFO, EL PAGO DE LOS SERVICIOS SE CUBRIRÁ EN UNA SOLA EXHIBICIÓN CONTRA ENTREGA DE LOS SERVICIOS, EN PESOS MEXICANOS A TRAVÉS DE TRANSFERENCIA ELECTRÓNICA, AL NÚMERO DE CUENTA QUE PARA TAL EFECTO SE PROPORCIONE, DENTRO DE LOS TREINTA (30) DÍAS NATURALES SIGUIENTES, CONTADOS A PARTIR DE LA ENTREGA DEL CFDI O FACTURA CORRESPONDIENTE QUE AMPARE LA ENTREGA DE LOS SERVICIOS A ENTERA SATISFACCIÓN DEL ADMINISTRADOR DEL CONTRO",,12,NO,NACIONAL,NO,,https://upcp-compranet.hacienda.gob.mx/sitiopublico/#/sitiopublico/detalle/b1b4c3e681b745c9b3790b2ca757de80/procedimiento,28/08/2024
E-2024-00083510,LA-50-GYR-050GYR009-N-146-2024,050GYR - INSTITUTO MEXICANO DEL SEGURO SOCIAL,050GYR009 COORDINACION DE ABASTECIMIENTO Y EQUIPAMIENTO,florencio.ledezma@imss.gob.mx,"ADQUISICIÓN Y SUMINISTRO DE ANTEOJOS PARA TRABAJADORES, HIJOS, JUBILADOS Y PENSI",LICITACIÓN PÚBLICA,CHIHUAHUA,2024,NO,15/08/2024 16:02,27101,NO,NO,NO,ADQUISICIONES,NO,"LA FORMA DE PAGO SERÁ EN PESOS MEXICANOS Y SE REALIZARÁ EN UNA SOLA EXHIBICIÓN. EL PAGO SE REALIZARÁ EN PESOS MEXICANOS, EN LOS PLAZOS NORMADOS POR LA DIRECCIÓN DE FINANZAS EN EL “PROCEDIMIENTO PARA LA RECEPCIÓN, GLOSA Y APROBACIÓN DE DOCUMENTOS PRESENTADOS PARA TRÁMITE DE PAGO Y LA CONSTITUCIÓN, MODIFICACIÓN, CANCELACIÓN, OPERACIÓN Y CONTROL DE FONDOS FIJOS”, SIN QUE ÉSTOS REBASEN LOS 20 (VEINTE) DÍAS NATURALES POSTERIORES A AQUEL EN QUE “EL PROVEEDOR” PRESENTE EN EL DEPARTAMENTO DELEGACIONAL",10,,SI,NACIONAL,OTRO,MONTO,https://upcp-compranet.hacienda.gob.mx/sitiopublico/#/sitiopublico/detalle/7b25fb34395645dbb314f1e66724d20b/procedimiento,28/08/2024
E-2024-00084202,LA-50-GYR-050GYR015-N-177-2024,050GYR - INSTITUTO MEXICANO DEL SEGURO SOCIAL,050GYR015 DEPARTAMENTO DE ADQUISICIÓN DE BIENES Y CONTRATACIÓN DE SERVICIOS TABASCO,gerardo.ruizp@imss.gob.mx,SERVICIO SUBROGADO DE BIOPSIA DE MAMA SEGUNDO SEMESTRE 2024,LICITACIÓN PÚBLICA,TABASCO,2024,NO,20/08/2024 11:18,33901,NO,,NO,SERVICIOS,NO,"EL PAGO SE EFECTUARÁ EN PESOS MEXICANOS, A LOS 20 (VEINTE) DÍAS NATURALES POSTERIORES A LA ENTREGA POR PARTE DEL LICITANTE DE LOS SIGUIENTES DOCUMENTOS: UN TANTO EN ORIGINAL DE LA REPRESENTACIÓN IMPRESA DEL COMPROBANTE FISCAL DIGITAL POR INTERNET AUTORIZADO POR EL SAT, QUE REÚNA LOS REQUISITOS FISCALES QUE SEÑALAN LOS ARTÍCULOS 29 Y 29 A DEL CÓDIGO FISCAL DE LA FEDERACIÓN, MISMO QUE DEBERÁ INDICAR, EL NOMBRE DEL INSTITUTO MEXICANO DEL SEGURO SOCIAL, CON REGISTRO FEDERAL DE CONTRIBUYENTES IMS42",10,,SI,NACIONAL,NO,MONTO,https://upcp-compranet.hacienda.gob.mx/sitiopublico/#/sitiopublico/detalle/e2a762f3a4d24cc1ac1e978010c7e424/procedimiento,28/08/2024
E-2024-00079930,LA-07-112-007000997-T-376-2024,007000 - SECRETARIA DE LA DEFENSA NACIONAL,007000997 SUBDIRECCIÓN DE ADQUISICIONES,jgarciag.indmil@sedena.gob.mx,"FP06-TM-R020/2024, ADQUISICION DE MAQUINA DE INYECCION DE ALUMINIO (2DA. VUELTA)",LICITACIÓN PÚBLICA,PUEBLA,2024,NO,17/07/2024 21:27,56201,NO,,NO,ADQUISICIONES,NO,TRANSFERENCIA ELECTRONICA,10,12,SI,INTERNACIONAL BAJO LA COBERTURA DE TRATADOS,NO,,https://upcp-compranet.hacienda.gob.mx/sitiopublico/#/sitiopublico/detalle/48dbe7535eba4639a1fa923f8fb0ef05/procedimiento,28/08/2024
E-2024-00079920,LA-07-112-007000997-T-375-2024,007000 - SECRETARIA DE LA DEFENSA NACIONAL,007000997 SUBDIRECCIÓN DE ADQUISICIONES,industriamilitar.dn28@sedena.gob.mx,FA15-R060/2024 ADQUISICIÓN DE SENSORES Y ACCESORIOS (B),LICITACIÓN PÚBLICA,PUEBLA,2024,NO,17/07/2024 21:30,24601,NO,,NO,ADQUISICIONES,NO,TRANSFERENCIA ELECTRÓNICA,10,12,SI,INTERNACIONAL BAJO LA COBERTURA DE TRATADOS,NO,,https://upcp-compranet.hacienda.gob.mx/sitiopublico/#/sitiopublico/detalle/d07690656a7a45958bf532333009eaa0/procedimiento,28/08/2024
E-2024-00086866,LA-72-064-913085944-N-1-2024,072064 - INSTITUTO HIDALGUENSE DE EDUCACIÓN,913085944 DIRECCIÓN GENERAL DE RECURSOS MATERIALES Y SERVICIOS,gildardo.angeles@seph.gob.mx,ADQUISICIÓN DE MATERIAL DIDÁCTICO,LICITACIÓN PÚBLICA,HIDALGO,2024,NO,15/08/2024 15:00,21701,NO,NO,NO,ADQUISICIONES,NO,"EL PAGO TOTAL SE EFECTUARÁ A LOS 20 DÍAS NATURALES CONTADOS A PARTIR DE LA ENTREGA DE LA FACTURA RESPECTIVA, PREVIA ENTREGA DE LOS BIENES EN LOS TÉRMINOS DEL CONTRATO Y A SATISFACCIÓN DE INSTITUTO HIDALGUENSE DE EDUCACIÓN, ESTE SE REALIZARÁ A TRAVÉS DE TRANSFERENCIA ELECTRÓNICA. LOS PRECIOS PERMANECERÁN FIJOS Y NO HABRÁ ESCALATORIA ALGUNA. NO HABRÁ ANTICIPO",10,,SI,NACIONAL,NO,,https://upcp-compranet.hacienda.gob.mx/sitiopublico/#/sitiopublico/detalle/436eacb6d6f64aa29e1d47b862b087bd/procedimiento,28/08/2024
E-2024-00084380,LA-50-GYR-050GYR015-N-178-2024,050GYR - INSTITUTO MEXICANO DEL SEGURO SOCIAL,050GYR015 DEPARTAMENTO DE ADQUISICIÓN DE BIENES Y CONTRATACIÓN DE SERVICIOS TABASCO,gerardo.ruizp@imss.gob.mx,SERVICIO SUBROGADO DE MEDICINA NUCLEAR SEGUNDO SEMESTRE 2024,LICITACIÓN PÚBLICA,TABASCO,2024,NO,20/08/2024 13:26,33901,NO,,NO,SERVICIOS,NO,"EL PAGO SE EFECTUARÁ EN PESOS MEXICANOS, A LOS 20 (VEINTE) DÍAS NATURALES POSTERIORES A LA ENTREGA POR PARTE DEL LICITANTE DE LOS SIGUIENTES DOCUMENTOS: UN TANTO EN ORIGINAL DE LA REPRESENTACIÓN IMPRESA DEL COMPROBANTE FISCAL DIGITAL POR INTERNET AUTORIZADO POR EL SAT, QUE REÚNA LOS REQUISITOS FISCALES QUE SEÑALAN LOS ARTÍCULOS 29 Y 29 A DEL CÓDIGO FISCAL DE LA FEDERACIÓN, MISMO QUE DEBERÁ INDICAR, EL NOMBRE DEL INSTITUTO MEXICANO DEL SEGURO SOCIAL, CON REGISTRO FEDERAL DE CONTRIBUYENTES IMS42",10,,SI,NACIONAL,NO,MONTO,https://upcp-compranet.hacienda.gob.mx/sitiopublico/#/sitiopublico/detalle/d0e0a36902a24f4392446ea53f8b7837/procedimiento,28/08/2024
E-2024-00076949,IA-80-U88-921002997-N-106-2024,080U88 - SECRETARÍA DE ADMINISTRACIÓN,921002997 DIRECCIÓN DE ADQUISICIONES DE BIENES Y SERVICIOS,jesica.tovar@puebla.gob.mx,ADQUISICIÓN DE EQUIPOS PARA LA INTEGRACIÓN DE LA INFRAESTRUCTURA TECNOLÓGICA,INVITACIÓN A CUANDO MENOS TRES PERSONAS,PUEBLA,2024,NO,22/08/2024 19:48,"51501,52101,52301",NO,NO,NO,ADQUISICIONES,NO,"EL PAGO SE REALIZARÁ EN UNA SOLA EXHIBICIÓN A LOS 20 DÍAS NATURALES POSTERIORES A LA PRESENTACIÓN DE LA FACTURA, MISMA QUE DEBERÁ VENIR DEBIDAMENTE REQUISITADA, ASÍ COMO DE LOS BIENES RECIBIDOS A ENTERA SATISFACCIÓN DEL REQUIRENTE.",10,,SI,NACIONAL,NO,,https://upcp-compranet.hacienda.gob.mx/sitiopublico/#/sitiopublico/detalle/9f812311f5e044c1848c8812201207cf/procedimiento,28/08/2024
E-2024-00086225,LO-70-Q93-911008987-N-29-2024,"070Q93 - SECRETARÍA DE INFRAESTRUCTURA, CONECTIVIDAD Y MOVILIDAD",911008987 DIRECCIÓN DE LICITACIONES Y CONTRATOS,aeromo@guanajuato.gob.mx,CONSTRUCCIÓN DE LA PRIMERA ETAPA DE LA UNIDAD ACADÉMICA DEPARTAMENTAL TIPO II Y,LICITACIÓN PÚBLICA,GUANAJUATO,2024,NO,15/08/2024 12:49,62201,NO,,NO,OBRA PÚBLICA,SI,,,12,SI,NACIONAL,NO,,https://upcp-compranet.hacienda.gob.mx/sitiopublico/#/sitiopublico/detalle/3da0eccbcd654e1597a7e4816e59e78f/procedimiento,28/08/2024
E-2024-00086687,IA-84-W46-925054990-N-1-2024,084W46 - SISTEMA PARA EL DESARROLLO INTEGRAL DE LA FAMILIA EN EL ESTADO DE SINALOA,925054990 DIRECCIÓN DE ADMINISTRACIÓN Y FINANZAS,alfredofierrodifsinaloa@gmail.com,SUMINISTRO E INSTALACION DE PLANTA ELECTRICA,INVITACIÓN A CUANDO MENOS TRES PERSONAS,SINALOA,2024,NO,23/08/2024 17:27,56601,NO,NO,NO,ADQUISICIONES,NO,"LOS PAGOS SE REALIZARÁN POR PARTE DEL DEPARTAMENTO DE CONTABILIDAD DEL SISTEMA DIF SINALOA, EN PESOS MEXICANOS, EL CUAL SE EFECTUARÁ POR TRANSFERENCIA ELECTRÓNICA OBEDECIENDO A LA LEY GENERAL DE CONTABILIDAD GUBERNAMENTAL (CONAC), EN UN TÉRMINO NO MAYOR A 20 DÍAS NATURALES, PERIODO QUE INICIARÁ A PARTIR DE LA ENTREGA DE LA DOCUMENTACIÓN PARA TRAMITE DE PAGO.",10,,SI,NACIONAL,NO,,https://upcp-compranet.hacienda.gob.mx/sitiopublico/#/sitiopublico/detalle/8ba99f473ec340ae90e37c36043d3b6d/procedimiento,28/08/2024
E-2024-00088455,IA-77-023-918045989-N-12-2024,077023 - INSTITUTO PARA LA MUJER NAYARITA,918045989 INSTITUTO PARA LA MUJER NAYARITA,inmunay@nayarit.gob.mx,ADQUISICIÓN DE VEHÍCULO DOBLE CABINA,INVITACIÓN A CUANDO MENOS TRES PERSONAS,NAYARIT,2024,NO,22/08/2024 23:37,54103,NO,NO,NO,ADQUISICIONES,NO,"EL PAGO AL PROVEEDOR ADJUDICADO LO EFECTUARÁ EL INSTITUTO PARA LA MUJER NAYARITA, Y SE REALIZARÁN DE CONFORMIDAD A LO SEÑALADO EN LAS ESPECIFICACIONES TÉCNICAS DEL ANEXO TÉCNICO I (TÉRMINOS DE REFERENCIA).",10,,SI,NACIONAL,NO,,https://upcp-compranet.hacienda.gob.mx/sitiopublico/#/sitiopublico/detalle/ce478eaae2424ddcb2f15611fd7248ac/procedimiento,28/08/2024
E-2024-00086077,IA-81-028-922055992-N-8-2024,081028 - UNIVERSIDAD TECNOLÓGICA DE QUERÉTARO,922055992 DEPTO. DE RECURSOS MATERIALES Y CONTRATACION DE SERVICIOS,nancy.becerril@uteq.edu.mx,ADQUISICIÓN DE MATERIAL ELÉCTRICO,INVITACIÓN A CUANDO MENOS TRES PERSONAS,QUERÉTARO,2024,NO,15/08/2024 12:22,24601,NO,NO,NO,ADQUISICIONES,NO,"HASTA 20 DÍAS POSTERIORES A LA PRESENTACIÓN DE LA FACTURA RESPECTIVA, PREVIA ENTREGA DE LOS BIENES EN LOS TÉRMINOS DEL CONTRATO.",10,12,SI,NACIONAL,NO,,https://upcp-compranet.hacienda.gob.mx/sitiopublico/#/sitiopublico/detalle/cb0eb1d64e1c48f1972fcbd6b14000af/procedimiento,28/08/2024
E-2024-00086896,LA-85-H84-826030993-N-1-2024,085H84 - HERMOSILLO,826030993 OFICIALIA MAYOR,guadalupe.sahagun@hermosillo.gob.mx,DOTACIÓN DE EQUIPO PARA LA SONORIZACIÓN DE LA CAJA NEGRA,LICITACIÓN PÚBLICA,SONORA,2024,NO,15/08/2024 14:53,56501,NO,NO,NO,ADQUISICIONES,NO,"SE PAGARÁ CONTRA PROGRAMA DE ENTREGA E INSTALACIÓN DE LOS BIENES PRESENTADO POR EL LICITANTE EN SU PROPUESTA, EL CUAL NO PODRÁ EXCEDER DE LOS 30 DÍAS NATURALES SIGUIENTES AL DE EMISIÓN DEL FALLO DE LA PRESENTE LICITACIÓN. LOS RIESGOS, COSTOS DE TRASLADO, VIÁTICOS, MANEJO DE LOS BIENES Y SERVICIOS, Y DEMÁS QUE SE REQUIERAN PARA CUMPLIR CON EL OBJETO DE LA PRESENTE LICITACIÓN, SON POR CUENTA DEL LICITANTE ADJUDICADO, HASTA EL MOMENTO DE SER RECIBIDOS POR EL PERSONAL AUTORIZADO POR LA CONVOCANTE.",10,,SI,NACIONAL,NO,,https://upcp-compranet.hacienda.gob.mx/sitiopublico/#/sitiopublico/detalle/2b38fca263c7497ba277543d9acffc1a/procedimiento,28/08/2024
E-2024-00085036,LO-70-005-811007999-N-13-2024,070005 - JUNTA MUNICIPAL DE AGUA POTABLE Y ALCANTARILLADO DE CELAYA,"811007999 JUNTA MUNICIPAL DE AGUA POTABLE Y ALCANTARILLADO DE CELAYA, GTO.",ralcantarat@jumapacelaya.gob.mx,"CONSTRUCCIÓN DE TANQUE DE AGUA POTABLE DE 450 M3 DE CAPACIDAD, PARA EL FRACCIONA",LICITACIÓN PÚBLICA,GUANAJUATO,2024,NO,13/08/2024 14:56,"31301,62301",NO,,NO,OBRA PÚBLICA,SI,,,12,SI,NACIONAL,NO,,https://upcp-compranet.hacienda.gob.mx/sitiopublico/#/sitiopublico/detalle/5d0bbaf5e306419ca7394f9cd468f032/procedimiento,28/08/2024
E-2024-00088512,IA-86-I61-827006985-N-1-2024,086I61 - CUNDUACÁN,827006985 PRESIDENCIA MUNICIPAL,admon-licitaciones@hotmail.com,SUMINISTRO DE MATERIAL ELECTRICO PARA MANTENIMIENTO DE ALUMBRADO PUBLICO,INVITACIÓN A CUANDO MENOS TRES PERSONAS,TABASCO,2024,NO,23/08/2024 13:14,24601,NO,NO,NO,ADQUISICIONES,NO,TRANSFERENCIA ELECTRONICA,10,,SI,NACIONAL,NO,,https://upcp-compranet.hacienda.gob.mx/sitiopublico/#/sitiopublico/detalle/6518019ac477418d9573fef4375fdaad/procedimiento,28/08/2024
E-2024-00085954,LA-07-HZK-007HZK999-N-7-2024,"007HZK - AEROLÍNEA DEL ESTADO MEXICANO, S.A. DE C.V.",007HZK999 DIRECCIÓN DE ADMINISTRACIÓN Y FINANZAS,jefdptoadqs1.rrmm@mexicana.gob.mx,SERVICIO DE MANTENIMIENTO PARA LAS AERONAVES BOEING 737-800,LICITACIÓN PÚBLICA,MÉXICO,2024,NO,15/08/2024 17:11,35501,NO,,SI,SERVICIOS,NO,"SE REALIZARÁ EL PAGO A TRAVÉS DE TRANFERENCIA ELECTRÓNICA, EN UN SOLO PAGO POR CADA SERVICIO EFECTIVAMENTE REALIZADO, EL CUAL NO EXCEDERA DE VEINTE DÍAS NATURALES, CONTADOS A PARTIR DE LA PRESENTACIÓN DE LA FACTURA FISCAL Y EN SU CASO EL CFDI DEBIDAMENTE LEGALIZADO, Y A ENTERA SALISFACCIÓN DEL ÁREA REQUIRENTE. EN CASO DE QUE LOS PAGOS SEAN EN MONEDA EXTRANJERA, SERÁ CUBIERTO EN MONEDA NACIONAL AL TIPO DE CAMBIO VIGENTE PUBLICADO EN EL DIARIO OFICIAL DE LA FEDERACIÓN.DEL DÍA DE PAGO.",10,,SI,NACIONAL,NO,MONTO,https://upcp-compranet.hacienda.gob.mx/sitiopublico/#/sitiopublico/detalle/ca734673711a45a89dd18d88cc8c4b82/procedimiento,28/08/2024
E-2024-00082379,IA-11-L6H-011L6H002-N-35-2024,011L6H - COMISION DE OPERACION Y FOMENTO DE ACTIVIDADES ACADEMICAS DEL INSTITUTO POLITECNICO NACIONAL,011L6H002 DIRECCION DE ADQUISICIONES,bcastillo@cofaa.ipn.mx,MTTO AL SIS DE ILUM DE ÁREAS EXT Y MALLA PER EN ÁREAS DEP DEL CECYT 10,INVITACIÓN A CUANDO MENOS TRES PERSONAS,CIUDAD DE MÉXICO,2024,NO,26/07/2024 13:58,35102,NO,,NO,SERVICIOS,SI,"LA CONVOCANTE REALIZARÁ EL PAGO DE LOS SERVICIOS EN UNA SOLA EXHIBICIÓN, DENTRO DE LOS 20 DÍAS NATURALES CONTADOS A PARTIR DE LA ENTREGA DE LA FACTURA QUE LOS AMPARE, PREVIA RECEPCIÓN DE LOS MISMOS A ENTERA SATISFACCIÓN DE LA CONVOCANTE Y, EN SU CASO, EL MISMO QUEDARÁ CONDICIONADO PROPORCIONALMENTE AL PAGO QUE EL PROVEEDOR O LA PROVEEDORA DEBA EFECTUAR POR CONCEPTO DE PENAS CONVENCIONALES O DEDUCTIVAS.",10,12,SI,NACIONAL,NO,,https://upcp-compranet.hacienda.gob.mx/sitiopublico/#/sitiopublico/detalle/3a0d63cc3fe546eeb6f4bd15a6d161b8/procedimiento,28/08/2024
E-2024-00089802,IA-70-006-911014999-N-56-2024,070006 - COLEGIO DE ESTUDIOS CIENTÍFICOS Y TECNOLÓGICOS DEL ESTADO DE GUANAJUATO,911014999 DIRECCIÓN FINANCIERA Y ADMINISTRATIVA,marco.rojasv@cecyteg.edu.mx,CONTRATACIÓN DE SERVICIO INTEGRAL PARA EVENTO INTERCECYTEG 2024,INVITACIÓN A CUANDO MENOS TRES PERSONAS,GUANAJUATO,2024,NO,28/08/2024 16:43,38201,NO,NO,NO,SERVICIOS,NO,TRANSFERENCIA BANCARIA DENTRO DE LOS 20 DIAS HABILES POSTERIORES A LA ENTREGA DEL SERVICIO,1,,SI,NACIONAL,NO,,https://upcp-compranet.hacienda.gob.mx/sitiopublico/#/sitiopublico/detalle/ba44d29e6b7d4f25a043912926359ecf/procedimiento,29/08/2024
E-2024-00089649,IA-51-GYN-051GYN006-N-10-2024,051GYN - INSTITUTO DE SEGURIDAD Y SERVICIOS SOCIALES DE LOS TRABAJADORES DEL ESTADO,051GYN006 DIRECCION DE ADMINISTRACION-JEFATURA DE SERVICIOS DE ADQUISICIONES,jose.gonzalezco@issste.gob.mx,ADQUISICIÓN DE MATERIAL E INSUMOS DE IMPRESIÓN,INVITACIÓN A CUANDO MENOS TRES PERSONAS,CIUDAD DE MÉXICO,2024,NO,28/08/2024 16:33,21101,NO,NO,NO,ADQUISICIONES,NO,CONFORME A LA CLAUSULA CUARTA DEL MODELO DE CONTRATO,10,,SI,NACIONAL,NO,MONTO,https://upcp-compranet.hacienda.gob.mx/sitiopublico/#/sitiopublico/detalle/373782647e7840399ea49429a182f933/procedimiento,29/08/2024
E-2024-00087654,IA-61-N87-902002994-I-20-2024,061N87 - OFICIALÍA MAYOR DE GOBIERNO,902002994 DIRECCIÓN DE ADQUISICIONES,ccervantes@baja.gob.mx,SUMINISTRO DE EQUIPO DE CÓMPUTO PARA LA UNIDAD DE CUENTA PÚBLICA,INVITACIÓN A CUANDO MENOS TRES PERSONAS,BAJA CALIFORNIA,2024,NO,22/08/2024 12:34,51501,NO,NO,NO,ADQUISICIONES,NO,100% (CIEN POR CIENTO) UNA VEZ ENTREGADOS EN SU TOTALIDAD LOS BIENES SOLICITADOS EN EL PRESENTE PROCEDIMIENTO A ENTERA SATISFACCIÓN DE LA “CONVOCANTE”.,10,36,SI,INTERNACIONAL ABIERTO,NO,,https://upcp-compranet.hacienda.gob.mx/sitiopublico/#/sitiopublico/detalle/ffdf388c12554b6cb93f0deb54c0cad6/procedimiento,29/08/2024
E-2024-00086371,IO-09-632-009000985-N-52-2024,"009000 - INFRAESTRUCTURA, COMUNICACIONES Y TRANSPORTES",009000985 CENTRO SCT GUERRERO,martin.fernandez@sct.gob.mx,TRABAJOS DE REFORZAMIENTO DE MURO DE CONTENCIÓN DE LA RAMPA DE FRENADO,INVITACIÓN A CUANDO MENOS TRES PERSONAS,GUERRERO,2024,NO,15/08/2024 20:28,61500,NO,,NO,OBRA PÚBLICA,SI,,,12,SI,NACIONAL,NO,,https://upcp-compranet.hacienda.gob.mx/sitiopublico/#/sitiopublico/detalle/5139c939aa8e4f9188c5b99454a27e19/procedimiento,29/08/2024
E-2024-00086948,LA-72-064-913085944-N-2-2024,072064 - INSTITUTO HIDALGUENSE DE EDUCACIÓN,913085944 DIRECCIÓN GENERAL DE RECURSOS MATERIALES Y SERVICIOS,marlen.hernandez@seph.gob.mx,SERVICIO DE CERTIFICACIÓN EN EL IDIOMA INGLÉS,LICITACIÓN PÚBLICA,HIDALGO,2024,NO,15/08/2024 16:38,33401,NO,NO,NO,SERVICIOS,NO,TRANSFERENCIA ELECTRÓNICA,10,3,SI,NACIONAL,NO,,https://upcp-compranet.hacienda.gob.mx/sitiopublico/#/sitiopublico/detalle/a8ae0d343c704cd9a125caddb9f36627/procedimiento,29/08/2024
E-2024-00087762,IO-50-GYR-050GYR061-N-14-2024,050GYR - INSTITUTO MEXICANO DEL SEGURO SOCIAL,"050GYR061 DELEGACION ESTATAL EN SINALOA, DEPARTAMENTO DE CONSTRUCCION Y PLANEACION INMOBILARIA",miguel.lopezroch@imss.gob.mx,"TRABAJOS CONSERVACIÓN MANT. INST. ELECT. Y REC. PB HGZ 28 COSTA RICA, SINALOA.",INVITACIÓN A CUANDO MENOS TRES PERSONAS,SINALOA,2024,NO,20/08/2024 19:28,35102,NO,,NO,OBRA PÚBLICA,NO,,,12,SI,NACIONAL,NO,,https://upcp-compranet.hacienda.gob.mx/sitiopublico/#/sitiopublico/detalle/b06eff6c77844ea9be522e0eafea1e4a/procedimiento,29/08/2024
E-2024-00087771,IA-66-014-907023963-N-12-2024,066014 - COLEGIO DE BACHILLERES DE CHIAPAS,907023963 DEPARTAMENTO DE RECURSOS MATERIALES,christian.perez.dam@cobach.edu.mx,24101. PRODUCTOS MINERALES NO METÁLICOS,INVITACIÓN A CUANDO MENOS TRES PERSONAS,CHIAPAS,2024,NO,23/08/2024 10:29,24101,NO,NO,NO,ADQUISICIONES,NO,TRANSFERENCIA BANCARIA DE FONDOS,10,,SI,NACIONAL,NO,,https://upcp-compranet.hacienda.gob.mx/sitiopublico/#/sitiopublico/detalle/3337183c2b194b2cbebae2a0e7ebe1ed/procedimiento,29/08/2024
E-2024-00084814,LA-73-R97-914012998-N-24-2024,073R97 - SECRETARÍA DE ADMINISTRACIÓN,914012998 DIRECCIÓN GENERAL DE ABASTECIMIENTOS,sergio.guzman@jalisco.gob.mx,"CONTRATACIÓN DEL SERVICIO DE CERTIFICACIÓN DE INGLÉS, SOLICITADO POR LA SEJ",LICITACIÓN PÚBLICA,JALISCO,2024,NO,15/08/2024 13:22,33303,NO,NO,NO,SERVICIOS,NO,UNA SOLA EXHIBICION,10,12,SI,NACIONAL,NO,,https://upcp-compranet.hacienda.gob.mx/sitiopublico/#/sitiopublico/detalle/81841310f72c4041bd583a6e71cc8e53/procedimiento,29/08/2024
E-2024-00085892,IA-07-HXA-007HXA001-N-100-2024,007HXA - INSTITUTO DE SEGURIDAD SOCIAL PARA LAS FUERZAS ARMADAS MEXICANAS,007HXA001 DEPARTAMENTO DE ABASTECIMIENTOS Y DEPARTAMENTO DE CONTRATACIÓN DE SERVICIOS,jlruizh@issfam.gob.mx,ADQUISICIÓN DE MATERIAL DE LIMPIEZA,INVITACIÓN A CUANDO MENOS TRES PERSONAS,CIUDAD DE MÉXICO,2024,NO,14/08/2024 15:06,21601,NO,NO,NO,ADQUISICIONES,NO,20 DÍAS NATURALES,10,,SI,NACIONAL,NO,CANTIDAD,https://upcp-compranet.hacienda.gob.mx/sitiopublico/#/sitiopublico/detalle/255b398208214750ad9b6f0859a51fff/procedimiento,29/08/2024
E-2024-00088086,IA-70-006-911014999-N-53-2024,070006 - COLEGIO DE ESTUDIOS CIENTÍFICOS Y TECNOLÓGICOS DEL ESTADO DE GUANAJUATO,911014999 DIRECCIÓN FINANCIERA Y ADMINISTRATIVA,daniel.manriquet@cecyteg.edu.mx,ADQUISICIÓN DE OTROS MATERIALES Y ARTÍCULOS DE CONSTRUCCIÓN Y REPARACIÓN,INVITACIÓN A CUANDO MENOS TRES PERSONAS,GUANAJUATO,2024,NO,22/08/2024 10:50,24901,NO,NO,NO,ADQUISICIONES,NO,"LOS PAGOS SE REALIZARÁN EN MONEDA NACIONAL, DENTRO DE LOS 20 DÍAS HÁBILES SIGUIENTES A PARTIR DE LA FECHA DE RECEPCIÓN DE LA (S) FACTURA (S) PARA TRÁMITE DE PAGO A TRAVÉS DE TRANSFERENCIA ELECTRÓNICA.",10,,SI,NACIONAL,NO,,https://upcp-compranet.hacienda.gob.mx/sitiopublico/#/sitiopublico/detalle/6ae1c87decc54c4e9c8ca6222a8d9395/procedimiento,29/08/2024
E-2024-00084625,IA-50-GYR-050GYR001-N-97-2024,050GYR - INSTITUTO MEXICANO DEL SEGURO SOCIAL,"050GYR001 DEL. GUERRERO, COORDINACION DE ABASTECIMIENTO Y EQUIPAMIENTO",tania.uribe@imss.gob.mx,SERVICIO DE MANTENIMIENTO PREVENTIVO Y CORRECTIVO A MESAS DE CIRUGÍA,INVITACIÓN A CUANDO MENOS TRES PERSONAS,GUERRERO,2024,NO,20/08/2024 15:56,35401,NO,NO,NO,SERVICIOS,NO,SE REALIZARÁ MEDIANTE TRANSFERENCIA ELECTRÓNICA DE FONDOS A TRAVÉS DEL ESQUEMA ELECTRÓNICO INTERBANCARIO.,10,,SI,NACIONAL,NO,MONTO,https://upcp-compranet.hacienda.gob.mx/sitiopublico/#/sitiopublico/detalle/e2428b0d858b4d8f9eb6aa9842dd5590/procedimiento,29/08/2024
E-2024-00086582,LA-48-D00-048D00001-N-454-2024,048D00 - INSTITUTO NACIONAL DE ANTROPOLOGIA E HISTORIA,048D00001 COORDINACION NACIONAL DE RECURSOS MATERIALES Y SERVICIOS,juancarlos_hernandez@inah.gob.mx,SERVICIO INTEGRAL DE ACTUALIZACIÓN MUSEOGRÁFICA,LICITACIÓN PÚBLICA,CIUDAD DE MÉXICO,2024,NO,20/08/2024 09:54,33903,NO,,NO,SERVICIOS,NO,"AL TÉRMINO DE LA PRESTACIÓN DE LOS SERVICIOS, CONFORME A LOS SERVICIOS EFECTIVAMENTE PRESTADOS Y A ENTERA SATISFACCIÓN DEL ADMINISTRADOR DEL CONTRATO Y DE ACUERDO CON LO ESTABLECIDO EN EL ANEXO UNO DE LA CONVOCATORIA.",10,,SI,NACIONAL,NO,MONTO,https://upcp-compranet.hacienda.gob.mx/sitiopublico/#/sitiopublico/detalle/72b09833e6b54920a4291e46dd96b46f/procedimiento,29/08/2024
E-2024-00084810,LA-73-R97-914012998-N-23-2024,073R97 - SECRETARÍA DE ADMINISTRACIÓN,914012998 DIRECCIÓN GENERAL DE ABASTECIMIENTOS,carlos.avila@jalisco.gob.mx,"CONTRATACIÓN DEL SERVICIO INTEGRAL, SOLICITADO PARA LA SECRETARÍA DE EDUCACIÓN",LICITACIÓN PÚBLICA,JALISCO,2024,NO,15/08/2024 13:23,33903,NO,NO,NO,SERVICIOS,NO,EN UNA SOLA EXHIBICION,10,12,SI,NACIONAL,NO,,https://upcp-compranet.hacienda.gob.mx/sitiopublico/#/sitiopublico/detalle/9a23304e3be5482a8fbcaab2e522957b/procedimiento,29/08/2024
E-2024-00086240,LO-70-Q93-911008987-N-30-2024,"070Q93 - SECRETARÍA DE INFRAESTRUCTURA, CONECTIVIDAD Y MOVILIDAD",911008987 DIRECCIÓN DE LICITACIONES Y CONTRATOS,aeromo@guanajuato.gob.mx,"CONSTRUCCIÓN DE 10 AULAS, MÁS SERVICIO SANITARIO, ENFERMERÍA, SALA DE JUNTAS, SA",LICITACIÓN PÚBLICA,GUANAJUATO,2024,NO,15/08/2024 12:50,62201,NO,,NO,OBRA PÚBLICA,SI,,,12,SI,NACIONAL,NO,,https://upcp-compranet.hacienda.gob.mx/sitiopublico/#/sitiopublico/detalle/6b9b682b9be74b20ad54be112439a214/procedimiento,29/08/2024
E-2024-00088372,IA-60-N68-901024986-N-16-2024,060N68 - INSTITUTO DE EDUCACIÓN DE AGUASCALIENTES,901024986 JEFATURA DE DEPARTAMENTO DE LICITACIONES Y ADQUISICIONES,javier.herrera@iea.edu.mx,IEA-1-OC4023- EQUIPAMIENTO DE MATERIAL DIDACTICO Y EQUIPO,INVITACIÓN A CUANDO MENOS TRES PERSONAS,AGUASCALIENTES,2024,NO,23/08/2024 10:05,21701,NO,NO,NO,ADQUISICIONES,NO,EN EFECTIVO EN UNA SOLA EXIBICION 20 DIAS POSTERIORES A CONTRA ENTREGA DE LOS BIENES A ENTERA SATISFACCION DEL ENTE REQUIRENTE,10,,SI,NACIONAL,NO,,https://upcp-compranet.hacienda.gob.mx/sitiopublico/#/sitiopublico/detalle/aa6ae17fee9b4d55a5a7075922712042/procedimiento,29/08/2024
E-2024-00085136,LO-70-005-811007999-N-14-2024,070005 - JUNTA MUNICIPAL DE AGUA POTABLE Y ALCANTARILLADO DE CELAYA,"811007999 JUNTA MUNICIPAL DE AGUA POTABLE Y ALCANTARILLADO DE CELAYA, GTO.",ralcantarat@jumapacelaya.gob.mx,"CONSTRUCCION DE ESTACIONES DE MEDICIÓN, CAJAS DE OPERACIÓN DE VALVULAS Y CIRCUIT",LICITACIÓN PÚBLICA,GUANAJUATO,2024,NO,13/08/2024 14:55,"31301,61300",NO,,NO,OBRA PÚBLICA,SI,,,10,SI,NACIONAL,NO,,https://upcp-compranet.hacienda.gob.mx/sitiopublico/#/sitiopublico/detalle/3446a424d7324226865f45f030cfde99/procedimiento,29/08/2024
E-2024-00081845,LO-81-V37-922022996-N-2-2024,081V37 - COMISIÓN ESTATAL DE INFRAESTRUCTURA DE QUERÉTARO,922022996 DEPARTAMENTO DE LICITACIONES - ADQUISICIONES,lpenaz@queretaro.gob.mx,CONSTRUCCIÓN DE PASO SUPERIOR VEHICULAR (PSV) LOS BENITOS,LICITACIÓN PÚBLICA,QUERÉTARO,2024,NO,15/08/2024 09:50,61500,NO,,NO,OBRA PÚBLICA,SI,,,12,SI,NACIONAL,NO,,https://upcp-compranet.hacienda.gob.mx/sitiopublico/#/sitiopublico/detalle/b5effe65b461488c94ffe567ed070025/procedimiento,29/08/2024
E-2024-00052898,LA-50-GYR-050GYR118-N-19-2024,050GYR - INSTITUTO MEXICANO DEL SEGURO SOCIAL,050GYR118 CENTRO VACACIONAL METEPEC,arturo.flores@imss.gob.mx,SERVICIO DE MANTENIMIENTO DE INSTALACIONES ELECTRICAS DE AREAS EXTERIORES DEL C,LICITACIÓN PÚBLICA,PUEBLA,2024,NO,15/08/2024 11:20,35102,NO,NO,NO,SERVICIOS,NO,PAGO CONTRA ESTIMACIONES QUINCENALES,10,12,SI,NACIONAL,NO,,https://upcp-compranet.hacienda.gob.mx/sitiopublico/#/sitiopublico/detalle/beae64474f794e53a4155adf7302000c/procedimiento,29/08/2024
E-2024-00087658,IA-77-011-918002995-N-9-2024,077011 - SECRETARÍA DE HACIENDA,918002995 SECRETARÍA DE ADMINISTRACIÓN Y FINANZAS,licitaciones1@nayarit.gob.mx,IA-N-9-2024 ADQUISICIÓN DE UNIFORMES Y VESTUARIO,INVITACIÓN A CUANDO MENOS TRES PERSONAS,NAYARIT,2024,NO,20/08/2024 20:12,27101,NO,NO,NO,ADQUISICIONES,NO,MEDIANTE TRANSFERENCIA BANCARIA,10,12,SI,NACIONAL,NO,,https://upcp-compranet.hacienda.gob.mx/sitiopublico/#/sitiopublico/detalle/3b23229dec0447e3a1c4bfe193322d77/procedimiento,29/08/2024
E-2024-00082591,LA-78-031-919059964-N-6-2024,078031 - SECRETARÍA DE ADMINISTRACIÓN,919059964 DIRECCIÓN GENERAL DE ADQUISICIONES Y SERVICIOS GENERALES,alejandro.lozano@nuevoleon.gob.mx,ADQUISICIÓN DE VEHÍCULO TIPO AMBULANCIA,LICITACIÓN PÚBLICA,NUEVO LEÓN,2024,NO,15/08/2024 10:10,54103,NO,NO,NO,ADQUISICIONES,NO,"100% DENTRO DE LOS 20-VEINTE DÍAS NATURALES POSTERIORES A LA ENTREGA DE LA FACTURA CORRESPONDIENTE Y PREVIA RECEPCIÓN DE LOS BIENES Y/O SERVICIOS, A ENTERA SATISFACCIÓN DE LA UNIDAD USUARIA, Y ACTA DE ENTREGA RECEPCIÓN LA CUAL DEBERÁ DE INCLUIR EVIDENCIA FOTOGRÁFICA, NOMBRE Y FIRMA DE QUIEN RECIBE LOS BIENES.",10,,SI,NACIONAL,NO,,https://upcp-compranet.hacienda.gob.mx/sitiopublico/#/sitiopublico/detalle/348572ea61094d3ca3ed336aba95d5a8/procedimiento,29/08/2024
E-2024-00085942,IO-87-001-828023961-N-3-2024,087001 - MÉNDEZ,828023961 DIRECCIÓN DE OBRAS PUBLICAS,impulsoasesores1@gmail.com,"CONSTRUCCION DE 6 KM DE CAMINO RURAL EN EL MUNICIPIO DE MENDEZ, TAM",INVITACIÓN A CUANDO MENOS TRES PERSONAS,TAMAULIPAS,2024,NO,09/08/2024 16:56,62402,NO,,NO,OBRA PÚBLICA,SI,,,12,SI,NACIONAL,NO,,https://upcp-compranet.hacienda.gob.mx/sitiopublico/#/sitiopublico/detalle/f1c9c71a151f4228a0e104ef7c62284f/procedimiento,29/08/2024
E-2024-00086997,IO-50-GYR-050GYR982-N-28-2024,050GYR - INSTITUTO MEXICANO DEL SEGURO SOCIAL,050GYR982 DEPARTAMENTO DE CONSERVACION Y SERVICIOS GENERALES,hayden.flores@imss.gob.mx,HGSZ / MF NO 3 Y CSS CHILPANCINGO EN AV MIGUEL ALEMÁN NO 70 COLONIA CENTRO,INVITACIÓN A CUANDO MENOS TRES PERSONAS,GUERRERO,2024,NO,15/08/2024 21:50,35102,NO,,NO,OBRA PÚBLICA,NO,,,12,SI,NACIONAL,NO,,https://upcp-compranet.hacienda.gob.mx/sitiopublico/#/sitiopublico/detalle/579398f7138a4db79e0913dbc99fe266/procedimiento,29/08/2024
E-2024-00086867,LA-72-064-913085944-N-4-2024,072064 - INSTITUTO HIDALGUENSE DE EDUCACIÓN,913085944 DIRECCIÓN GENERAL DE RECURSOS MATERIALES Y SERVICIOS,misael.angeles@seph.gob.mx,SERVICIO DE CAPACITACIÓN,LICITACIÓN PÚBLICA,HIDALGO,2024,NO,15/08/2024 20:14,33401,NO,,NO,SERVICIOS,NO,"EL PAGO TOTAL SE EFECTUARÁ A LOS 20 DÍAS NATURALES CONTADOS A PARTIR DE LA ENTREGA DE LA FACTURA RESPECTIVA, PREVIA ENTREGA DE LA PRESTACIÓN DEL SERVICIO EN LOS TÉRMINOS DEL CONTRATO Y A SATISFACCIÓN DE INSTITUTO HIDALGUENSE DE EDUCACIÓN, ESTE SE REALIZARÁ A TRAVÉS DE TRANSFERENCIA ELECTRÓNICA. LOS PRECIOS PERMANECERÁN FIJOS Y NO HABRÁ ESCALATORIA ALGUNA. NO HABRÁ ANTICIPO.",10,3,SI,NACIONAL,NO,,https://upcp-compranet.hacienda.gob.mx/sitiopublico/#/sitiopublico/detalle/ed5365a4741b41d692edeb2cb5117dd1/procedimiento,29/08/2024
E-2024-00083853,LO-50-GYR-050GYR091-N-82-2024,050GYR - INSTITUTO MEXICANO DEL SEGURO SOCIAL,"050GYR091 UMAE HOSPITAL DE TRAUMATOLOGIA Y ORTOPEDIA DE PUEBLA, OFICINA DE ADQUISICIONES",luis.morenoe@imss.gob.mx,SERVICIO DE MANTENIMIENTO INTEGRAL EN ÁREA DE LABORATORIO,LICITACIÓN PÚBLICA,PUEBLA,2024,NO,15/08/2024 12:25,35102,NO,,NO,OBRA PÚBLICA,NO,,,12,SI,NACIONAL,NO,,https://upcp-compranet.hacienda.gob.mx/sitiopublico/#/sitiopublico/detalle/d2115a8ab46e492190554552f880fb80/procedimiento,29/08/2024
E-2024-00087001,IO-50-GYR-050GYR982-N-29-2024,050GYR - INSTITUTO MEXICANO DEL SEGURO SOCIAL,050GYR982 DEPARTAMENTO DE CONSERVACION Y SERVICIOS GENERALES,hayden.flores@imss.gob.mx,UMF NO 6 PREDIO RUSTICO CHILTEPEC Y CATLAJAPA UBICADO AL ORIENTE DE LA CIUDAD,INVITACIÓN A CUANDO MENOS TRES PERSONAS,GUERRERO,2024,NO,15/08/2024 22:34,35102,NO,,NO,OBRA PÚBLICA,NO,,,12,SI,NACIONAL,NO,,https://upcp-compranet.hacienda.gob.mx/sitiopublico/#/sitiopublico/detalle/4ea521796d2d4d7db551ea7469f5889b/procedimiento,29/08/2024
E-2024-00082894,LO-77-ZK0-918041992-N-2-2024,077ZK0 - PODER JUDICIAL,918041992 SECRETARÍA DE ADMINISTRACIÓN DEL CONSEJO DE LA JUDICATURA,sistadmon@cjnayarit.gob.mx,"CONSTRUCCION DEL NUEVO TRIBUNAL LABORAL EN LA CIUDAD DE TEPIC, NAYARIT",LICITACIÓN PÚBLICA,NAYARIT,2024,NO,15/08/2024 17:43,62201,NO,,NO,OBRA PÚBLICA,SI,,,12,SI,NACIONAL,NO,,https://upcp-compranet.hacienda.gob.mx/sitiopublico/#/sitiopublico/detalle/9aab8ade3ea04a4c947b86fafa1577d9/procedimiento,29/08/2024
E-2024-00086425,IO-79-053-820229946-N-1-2024,079053 - SAN LORENZO TEXMELÚCAN,820229946 REGIDURÍA DE OBRAS,sanlorenzotexmelucansindicatur@gmail.com,“YU‘ NI GUIEDX XKIE‘ I” CASA DEL PUEBLO ZAPOTECO DE TEXMELÚCAN,INVITACIÓN A CUANDO MENOS TRES PERSONAS,OAXACA,2024,NO,16/08/2024 17:55,62201,NO,,NO,OBRA PÚBLICA,SI,,,12,SI,NACIONAL,NO,,https://upcp-compranet.hacienda.gob.mx/sitiopublico/#/sitiopublico/detalle/31ccbbd6dd244240b69328552d4fa35e/procedimiento,29/08/2024
E-2024-00087798,IA-07-110-007000999-T-743-2024,007000 - SECRETARIA DE LA DEFENSA NACIONAL,007000999 SUBDIRECCIÓN DE ADQUISICIONES,aapastranac@sedena.gob.mx,ADQS. VEH. CAJA CERRADA CAPACIDAD 10 TONELADAS PARA EL TRASLADO DE MATERIAL.,INVITACIÓN A CUANDO MENOS TRES PERSONAS,CIUDAD DE MÉXICO,2024,NO,22/08/2024 09:31,54103,NO,NO,NO,ADQUISICIONES,NO,TRANSFERENCIA O CHEQUE BANCARIO,10,36,SI,INTERNACIONAL BAJO LA COBERTURA DE TRATADOS,NO,,https://upcp-compranet.hacienda.gob.mx/sitiopublico/#/sitiopublico/detalle/818c39301e4f4b50a723a8d47026be49/procedimiento,29/08/2024
E-2024-00087094,IA-50-GYR-050GYR008-N-155-2024,050GYR - INSTITUTO MEXICANO DEL SEGURO SOCIAL,050GYR008 OFICINA DE ADQUISICION DE BIENES Y CONTRATACION DE SERVICIOS,enrique.lopezb@imss.gob.mx,IA-N155-2024 TRATAMIENTO DE AGUAS RESIDUALES Y AGUA DE CONSUMO,INVITACIÓN A CUANDO MENOS TRES PERSONAS,QUINTANA ROO,2024,NO,20/08/2024 13:23,33901,NO,NO,NO,SERVICIOS,NO,"EL PAGO SE REALIZARÁ EN PESOS MEXICANOS, A LOS 20 (VEINTE) DÍAS NATURALES POSTERIORES A LA ENTREGA POR PARTE DE “EL PRESTADOR DEL SERVICIO”, DE LOS REQUISITOS ESTABLECIDOS EN EL PROCEDIMIENTO PARA LA RECEPCIÓN, GLOSA Y APROBACIÓN DE DOCUMENTOS PRESENTADOS PARA TRÁMITE DE PAGO Y LA CONSTITUCIÓN, MODIFICACIÓN, CANCELACIÓN, OPERACIÓN Y CONTROL DE FONDOS FIJOS, PARA LA CUENTA 42062113",10,12,SI,NACIONAL,NO,MONTO,https://upcp-compranet.hacienda.gob.mx/sitiopublico/#/sitiopublico/detalle/a67c209dc29a411487b218e5241eba11/procedimiento,29/08/2024
E-2024-00087975,IA-50-GYR-050GYR008-N-161-2024,050GYR - INSTITUTO MEXICANO DEL SEGURO SOCIAL,050GYR008 OFICINA DE ADQUISICION DE BIENES Y CONTRATACION DE SERVICIOS,enrique.lopezb@imss.gob.mx,IA-N161-2024 CONTRATACION DE SERVICIO DE FLETES,INVITACIÓN A CUANDO MENOS TRES PERSONAS,QUINTANA ROO,2024,NO,22/08/2024 13:48,34701,NO,NO,NO,SERVICIOS,NO,"EL PAGO SE REALIZARÁ EN PESOS MEXICANOS, A LOS 20 (VEINTE) DÍAS NATURALES POSTERIORES A LA ENTREGA POR PARTE DE “EL PRESTADOR DEL SERVICIO”, DE LOS REQUISITOS ESTABLECIDOS EN EL PROCEDIMIENTO PARA LA RECEPCIÓN, GLOSA Y APROBACIÓN DE DOCUMENTOS PRESENTADOS PARA TRÁMITE DE PAGO Y LA CONSTITUCIÓN, MODIFICACIÓN, CANCELACIÓN, OPERACIÓN Y CONTROL DE FONDOS FIJOS, PARA LA CUENTA 42062415:",10,12,SI,NACIONAL,NO,MONTO,https://upcp-compranet.hacienda.gob.mx/sitiopublico/#/sitiopublico/detalle/d08b5c3ee0474d959762bfbfb293a1ba/procedimiento,29/08/2024
E-2024-00086306,LA-50-GYR-050GYR017-T-161-2024,050GYR - INSTITUTO MEXICANO DEL SEGURO SOCIAL,050GYR017 COORDINACIÓN DE ABASTECIMIENTO Y EQUIPAMIENTO OOAD HIDALGO,armando.sotom@imss.gob.mx,EQUIPAMIENTO DE MOBILIARIO DE DIETOLOGÍA Y EQUIPO MÉDICO DEL HOSPITAL GENERAL DE,LICITACIÓN PÚBLICA,HIDALGO,2024,NO,20/08/2024 18:33,"22301,24801,25401,25501,51901,53101,56201,56301,56701",NO,NO,NO,ADQUISICIONES,NO,TRANSFERENCIA BANCARIA,10,,SI,INTERNACIONAL BAJO LA COBERTURA DE TRATADOS,NO,,https://upcp-compranet.hacienda.gob.mx/sitiopublico/#/sitiopublico/detalle/8f2e16a999684579b9831a9d10fbcba6/procedimiento,29/08/2024
E-2024-00077515,LA-07-110-007000999-T-655-2024,007000 - SECRETARIA DE LA DEFENSA NACIONAL,007000999 SUBDIRECCIÓN DE ADQUISICIONES,msmontesg@sedena.gob.mx,ADQS SISTEMA DE RADIOCOMUNICACIÓN UHF 2023,LICITACIÓN PÚBLICA,CIUDAD DE MÉXICO,2024,NO,11/07/2024 08:43,56501,NO,,NO,ADQUISICIONES,NO,SE PROCEDERA AL PAGO CORRESPONDIENTE DEL 100$ MEDIANTE TRANSFERENCIA ELECTRONICA,10,36,SI,INTERNACIONAL BAJO LA COBERTURA DE TRATADOS,NO,,https://upcp-compranet.hacienda.gob.mx/sitiopublico/#/sitiopublico/detalle/0f35809c32164ff1a753848820420f47/procedimiento,29/08/2024
E-2024-00086811,LA-85-W83-926014991-N-48-2024,085W83 - INSTITUTO TECNOLÓGICO DE SONORA,926014991 DEPARTAMENTO DE ADQUISICIONES,iveth.cortez@itson.edu.mx,MANTENIMIENTO A TORRES DE COMUNICACIONES Y PLANTAS DIESEL 2024,LICITACIÓN PÚBLICA,SONORA,2024,NO,15/08/2024 10:26,35301,NO,NO,NO,SERVICIOS,NO,TRANSFERENCIA ELECTRONICA,10,,SI,NACIONAL,NO,,https://upcp-compranet.hacienda.gob.mx/sitiopublico/#/sitiopublico/detalle/70f04218ba894ef6858200250eb0c6a7/procedimiento,29/08/2024
E-2024-00088594,IA-60-N56-901026999-T-44-2024,060N56 - INSTITUTO DE SERVICIOS DE SALUD DEL ESTADO DE AGUASCALIENTES,901026999 DEPTO. DE ADQUISICIONES,saul.martinez@issea.gob.mx,ADQUISICIÓN DE BIENES INFORMÁTICOS,INVITACIÓN A CUANDO MENOS TRES PERSONAS,AGUASCALIENTES,2024,NO,23/08/2024 14:01,51501,NO,NO,NO,ADQUISICIONES,NO,"LOS PAGOS SE REALIZARÁN EN MONEDA NACIONAL, CONTRA ENTREGA DE LOS BIENES/PRESTACIÓN DE SERVICIOS DENTRO DE LOS 20 DÍAS NATURALES POSTERIORES A LA PRESENTACIÓN DE IMPRESIONES DE CFDI PREVIO VALIDACIÓN DE LA DIRECCIÓN DEL ÁREA DE RECURSOS FINANCIEROS DE ESTE INSTITUTO, DE ACUERDO A LA FECHA DE ENTREGA SEÑALADA PARA LA ENTREGA DE LOS BIENES Y/O SERVICIOS DE LA PRESENTE CONVOCATORIA.",,,NO,INTERNACIONAL BAJO LA COBERTURA DE TRATADOS,NO,,https://upcp-compranet.hacienda.gob.mx/sitiopublico/#/sitiopublico/detalle/70669bca8a5a4b67b04c1dd3abbbe0e1/procedimiento,29/08/2024
E-2024-00016980,LA-50-GYR-050GYR001-N-18-2024,050GYR - INSTITUTO MEXICANO DEL SEGURO SOCIAL,"050GYR001 DEL. GUERRERO, COORDINACION DE ABASTECIMIENTO Y EQUIPAMIENTO",carina.tornez@imss.gob.mx,PARTIDA 1 ARTÍCULOS DEPORTIVOS Y PARTIDA 2 UNIFORMES DEPORTIVOS,LICITACIÓN PÚBLICA,GUERRERO,2024,NO,13/08/2024 15:06,"27101,27301",NO,NO,NO,ADQUISICIONES,NO,SE REALIZARÁ MEDIANTE TRANSFERENCIA ELECTRÓNICA DE FONDOS A TRAVÉS DEL ESQUEMA ELECTRÓNICO INTERBANCARIO.,10,,SI,NACIONAL,NO,,https://upcp-compranet.hacienda.gob.mx/sitiopublico/#/sitiopublico/detalle/fb7deb4e8a0544efbaa1035943da2854/procedimiento,29/08/2024
E-2024-00087576,LA-07-110-007000999-N-745-2024,007000 - SECRETARIA DE LA DEFENSA NACIONAL,007000999 SUBDIRECCIÓN DE ADQUISICIONES,justocastillov73@sedena.gob.mx,"ADQUISICIÓN DE INSUMOS PARA LA REPOSICIÓN DE 15,000 DESPENSAS Y 60,000 LITROS DE",LICITACIÓN PÚBLICA,CIUDAD DE MÉXICO,2024,NO,21/08/2024 21:57,22104,NO,NO,NO,ADQUISICIONES,NO,EL PAGO SE REALIZARA POR MEDIO DE TRANSFERENCIA BANCARIA,10,12,SI,NACIONAL,NO,,https://upcp-compranet.hacienda.gob.mx/sitiopublico/#/sitiopublico/detalle/3857e70df0e04a7cb1afdedcdd513435/procedimiento,29/08/2024
E-2024-00080997,LA-07-112-007000997-T-386-2024,007000 - SECRETARIA DE LA DEFENSA NACIONAL,007000997 SUBDIRECCIÓN DE ADQUISICIONES,jgarciag.indmil@sedena.gob.mx,FA15-TM-R006/2024 BALANCEADORA DE RUEDAS,LICITACIÓN PÚBLICA,PUEBLA,2024,NO,22/07/2024 22:45,56201,NO,,NO,ADQUISICIONES,NO,TRANSFERENCIA ELECTRÓNICA,10,12,SI,INTERNACIONAL BAJO LA COBERTURA DE TRATADOS,NO,,https://upcp-compranet.hacienda.gob.mx/sitiopublico/#/sitiopublico/detalle/2b2391b207c54f9aa4da7523761e038e/procedimiento,29/08/2024
E-2024-00086017,LO-81-V46-922041991-N-1-2024,081V46 - INSTITUTO DE INFRAESTRUCTURA FISICA EDUCATIVA DEL ESTADO DE QUERÉTARO,922041991 CONCURSOS Y ADQUISICIONES,dgonzalezp@queretaro.gob.mx,CONSTRUCCIÓN DE BARDA PERIMETRAL EN CONALEP NUEVA CREACIÓN - 11° ETAPA QUERÉTARO,LICITACIÓN PÚBLICA,QUERÉTARO,2024,NO,15/08/2024 06:58,62601,NO,,NO,OBRA PÚBLICA,SI,,,12,SI,NACIONAL,NO,,https://upcp-compranet.hacienda.gob.mx/sitiopublico/#/sitiopublico/detalle/9c088947e380413dac72647584734d5f/procedimiento,29/08/2024
E-2024-00084548,IA-50-GYR-050GYR001-N-95-2024,050GYR - INSTITUTO MEXICANO DEL SEGURO SOCIAL,"050GYR001 DEL. GUERRERO, COORDINACION DE ABASTECIMIENTO Y EQUIPAMIENTO",tania.uribe@imss.gob.mx,SERVICIO DE MANTENIMIENTO PREVENTIVO Y CORRECTIVO A EQUIPOS DE COCINA,INVITACIÓN A CUANDO MENOS TRES PERSONAS,GUERRERO,2024,NO,20/08/2024 21:36,35701,NO,NO,NO,SERVICIOS,NO,SE REALIZARÁ MEDIANTE TRANSFERENCIA ELECTRÓNICA DE FONDOS A TRAVÉS DEL ESQUEMA ELECTRÓNICO INTERBANCARIO.,10,,SI,NACIONAL,NO,MONTO,https://upcp-compranet.hacienda.gob.mx/sitiopublico/#/sitiopublico/detalle/fc046d22206b46c89a04202928aca26d/procedimiento,29/08/2024
E-2024-00088781,IA-07-112-007000997-I-464-2024,007000 - SECRETARIA DE LA DEFENSA NACIONAL,007000997 SUBDIRECCIÓN DE ADQUISICIONES,gagil.dn28@sedena.gob.mx,FP04-TM-R023/2024 ADQUIQICIÓN DE EQUIPO INDUSTRIAL PARA MANTENIMIENTO (B),INVITACIÓN A CUANDO MENOS TRES PERSONAS,PUEBLA,2024,NO,26/08/2024 22:46,56701,NO,,NO,ADQUISICIONES,NO,TRANSFERENCIA ELECTRONICA,10,12,SI,INTERNACIONAL ABIERTO,NO,,https://upcp-compranet.hacienda.gob.mx/sitiopublico/#/sitiopublico/detalle/61cb1b13de4f4a40a10158bb6a5d5cde/procedimiento,29/08/2024
E-2024-00086506,LO-81-V31-922006999-N-2-2024,081V31 - SECRETARÍA DE DESARROLLO URBANO Y OBRAS PÚBLICAS,922006999 DIRECCIÓN DE ADMINISTRACIÓN DE OBRA PÚBLICA,agarciari@queretaro.gob.mx,"CONSERVACIÓN DE FACHADAS PARA EL TEMPLO DE SANTA ROSA DE VITERBO, ETAPA II",LICITACIÓN PÚBLICA,QUERÉTARO,2024,NO,22/08/2024 08:53,62602,NO,,NO,OBRA PÚBLICA,SI,,,12,SI,NACIONAL,NO,,https://upcp-compranet.hacienda.gob.mx/sitiopublico/#/sitiopublico/detalle/c5c1295d712240cfa7f6c9454fa0df1d/procedimiento,29/08/2024
E-2024-00079774,LA-07-112-007000997-T-373-2024,007000 - SECRETARIA DE LA DEFENSA NACIONAL,007000997 SUBDIRECCIÓN DE ADQUISICIONES,gagil.dn28@sedena.gob.mx,FP04-TM-R060/2023 ADQUISICIÓN DE INDICADORES DE CARATULA (A),LICITACIÓN PÚBLICA,PUEBLA,2024,NO,17/07/2024 21:20,53101,NO,,NO,ADQUISICIONES,NO,TRANSFERENCIA ELECTRÓNICA,10,12,SI,INTERNACIONAL BAJO LA COBERTURA DE TRATADOS,NO,,https://upcp-compranet.hacienda.gob.mx/sitiopublico/#/sitiopublico/detalle/f35f82e0163445e5afa135c953dd93df/procedimiento,29/08/2024
E-2024-00086036,LO-81-V46-922041991-N-2-2024,081V46 - INSTITUTO DE INFRAESTRUCTURA FISICA EDUCATIVA DEL ESTADO DE QUERÉTARO,922041991 CONCURSOS Y ADQUISICIONES,dgonzalezp@queretaro.gob.mx,"REHABILITACIÓN ELÉCTRICA EN LA SECUNDARIA QUETZALCOATL, EL PUEBLITO, CORREGIDORA",LICITACIÓN PÚBLICA,QUERÉTARO,2024,NO,15/08/2024 06:59,62602,NO,,NO,OBRA PÚBLICA,SI,,,12,SI,NACIONAL,NO,,https://upcp-compranet.hacienda.gob.mx/sitiopublico/#/sitiopublico/detalle/4bb923ce8fd24d979e5975621b761b4c/procedimiento,29/08/2024
E-2024-00088875,IA-79-ZI2-920042950-N-3-2024,079ZI2 - SERVICIOS DE SALUD DE OAXACA,920042950 UNIDAD DE RECURSOS MATERIALES Y SERVICIOS GENERALES,sso_adquisiciones@hotmail.com,CONTRATACIÓN DEL SERVICIO DE MANTENIMIENTO Y CONSERVACIÓN DE MAQUINARIA Y EQUIPO,INVITACIÓN A CUANDO MENOS TRES PERSONAS,OAXACA,2024,NO,26/08/2024 13:25,"35401,35701",NO,NO,NO,SERVICIOS,NO,DENTRO DE LOS VEINTE DÍAS NATURALES POSTERIORES A LA RECEPCIÓN DE LOS ENTREGABLES A ENTERA SATISFACCIÓN DE LA CONTRATANTE,10,,SI,NACIONAL,NO,,https://upcp-compranet.hacienda.gob.mx/sitiopublico/#/sitiopublico/detalle/2edfd586a3364098894e4506bb9590dd/procedimiento,29/08/2024
E-2024-00083975,LA-50-GYR-050GYR012-N-96-2024,050GYR - INSTITUTO MEXICANO DEL SEGURO SOCIAL,050GYR012 COORDINACION DE ABASTECIMIENTO Y EQUIPAMIENTO,perla.romero@imss.gob.mx,PARA LA CONTRATACIÓN DE LOS SERV DE MTTO CORRECTIV A COLUMNA CIELITICA,LICITACIÓN PÚBLICA,COLIMA,2024,NO,16/08/2024 14:38,35701,NO,NO,NO,SERVICIOS,NO,TRANSFERENCIA ELECTRONICA,10,,SI,NACIONAL,NO,,https://upcp-compranet.hacienda.gob.mx/sitiopublico/#/sitiopublico/detalle/f21383b7e32549d4945204f216841a75/procedimiento,29/08/2024
E-2024-00088688,IA-60-N56-901026999-T-46-2024,060N56 - INSTITUTO DE SERVICIOS DE SALUD DEL ESTADO DE AGUASCALIENTES,901026999 DEPTO. DE ADQUISICIONES,saul.martinez@issea.gob.mx,ADQUISICIÓN DE CONSUMIBLES DE CÓMPUTO,INVITACIÓN A CUANDO MENOS TRES PERSONAS,AGUASCALIENTES,2024,NO,23/08/2024 15:37,21401,NO,NO,NO,ADQUISICIONES,NO,"LOS PAGOS SE REALIZARÁN EN MONEDA NACIONAL, CONTRA ENTREGA DE LOS BIENES/PRESTACIÓN DE SERVICIOS DENTRO DE LOS 20 DÍAS NATURALES POSTERIORES A LA PRESENTACIÓN DE IMPRESIONES DE CFDI PREVIO VALIDACIÓN DE LA DIRECCIÓN DEL ÁREA DE RECURSOS FINANCIEROS DE ESTE INSTITUTO, DE ACUERDO A LA FECHA DE ENTREGA SEÑALADA PARA LA ENTREGA DE LOS BIENES Y/O SERVICIOS DE LA PRESENTE CONVOCATORIA.",,,NO,INTERNACIONAL BAJO LA COBERTURA DE TRATADOS,NO,,https://upcp-compranet.hacienda.gob.mx/sitiopublico/#/sitiopublico/detalle/58af5dd4e3584fac947fb8a693c65952/procedimiento,29/08/2024
E-2024-00088396,IO-50-GYR-050GYR974-N-86-2024,050GYR - INSTITUTO MEXICANO DEL SEGURO SOCIAL,050GYR974 DEPARTAMENTO DE CONSERVACION Y SERVICIOS GENERALES,miguel.cesati@imss.gob.mx,TRABAJOS DE OBRA CIVIL PARA MEJORAS EN UNIDADES MEDICAS Y NO MEDICAS,INVITACIÓN A CUANDO MENOS TRES PERSONAS,CIUDAD DE MÉXICO,2024,NO,23/08/2024 13:53,61200,NO,,NO,OBRA PÚBLICA,NO,,,12,SI,NACIONAL,NO,,https://upcp-compranet.hacienda.gob.mx/sitiopublico/#/sitiopublico/detalle/fa4059f75d834701aebfb9f68e11bf68/procedimiento,29/08/2024
E-2024-00087354,IA-50-GYR-050GYR091-T-86-2024,050GYR - INSTITUTO MEXICANO DEL SEGURO SOCIAL,"050GYR091 UMAE HOSPITAL DE TRAUMATOLOGIA Y ORTOPEDIA DE PUEBLA, OFICINA DE ADQUISICIONES",oliva.martinezb@imss.gob.mx,"EQUIPO MEDICO CENTRAL DE MONITOREO,ESFIGMOMANOMETRO,SIERRA",INVITACIÓN A CUANDO MENOS TRES PERSONAS,PUEBLA,2024,NO,22/08/2024 16:31,53101,NO,NO,NO,ADQUISICIONES,NO,"EL PAGO DE LOS BIENES SE EFECTUARÁ EN PESOS MEXICANOS EN UNA SOLA EXHIBICIÓN CUANDO EL PROVEEDOR ENTREGUE A ENTERA SATISFACCIÓN DEL INSTITUTO, POR CADA PARTIDA ADJUDICADA EL TOTAL DE LOS BIENES REQUERIDOS POR CADA UNIDAD MÉDICA, A LOS 20 DÍAS NATURALES POSTERIORES A LA ENTREGA DE LA REPRESENTACIÓN IMPRESA DEL COMPROBANTE FISCAL DIGITAL Y DOCUMENTACIÓN COMPROBATORIA QUE ACREDITE LA ENTREGA DE LOS BIENES A ENTERA SATISFACCIÓN DEL INSTITUTO",5,,SI,INTERNACIONAL BAJO LA COBERTURA DE TRATADOS,OTRO,,https://upcp-compranet.hacienda.gob.mx/sitiopublico/#/sitiopublico/detalle/715aaaa2c0ce4425bb762150a2365236/procedimiento,29/08/2024
E-2024-00088901,IA-47-AYO-047AYO952-N-5-2024,047AYO - SERVICIOS DE SALUD DEL INSTITUTO MEXICANO DEL SEGURO SOCIAL PARA EL BIENESTAR,047AYO952 SERVICIOS DE ADMINISTRACIÓN Y FINANZAS,msaucedo@saludbc.gob.mx,MANTENIMIENTO PREVENTIVO Y CORRECTIVO DEL IMSS BIENESTAR EN BAJA CALIFORNIA,INVITACIÓN A CUANDO MENOS TRES PERSONAS,BAJA CALIFORNIA,2024,NO,26/08/2024 19:55,35501,NO,NO,NO,SERVICIOS,NO,TRANSFERENCIA ELECTRÓNICA DENTRO DE LOS 20 DÍAS NATURALES SIGUIENTES A LA PRESENTACIÓN DE LA FACTURA,10,,SI,NACIONAL,NO,CANTIDAD,https://upcp-compranet.hacienda.gob.mx/sitiopublico/#/sitiopublico/detalle/f3e26b47be3841a582835a0020d84b16/procedimiento,29/08/2024
E-2024-00087830,IO-09-KDN-009KDN002-N-53-2024,"009KDN - AEROPUERTO INTERNACIONAL DE LA CIUDAD DE MEXICO, S.A. DE C.V.",009KDN002 GERENCIA DE PROYECTOS Y CONCURSOS,rjimenez@aicm.com.mx,PROYECTO EJECUTIVO PARA LA CONFORMACIÓN DE LAS FRANJAS DE LAS PISTAS 05L-23R Y 0,INVITACIÓN A CUANDO MENOS TRES PERSONAS,CIUDAD DE MÉXICO,2024,NO,21/08/2024 11:53,62905,NO,,NO,SERVICIOS RELACIONADOS CON LA OBRA,NO,,,12,SI,NACIONAL,NO,,https://upcp-compranet.hacienda.gob.mx/sitiopublico/#/sitiopublico/detalle/bd626a0ed41747049864bc6f8d7aa299/procedimiento,29/08/2024
E-2024-00088096,IA-09-J0U-009J0U998-N-42-2024,009J0U - CAMINOS Y PUENTES FEDERALES DE INGRESOS Y SERVICIOS CONEXOS,009J0U998 SUBGERENCIA DE ADMINISTRACIÓN URVH,jgquevedo@capufe.gob.mx,MANTENIMIENTO Y CONSERVACIÓN DE MAQUINARIA Y EQUIPO,INVITACIÓN A CUANDO MENOS TRES PERSONAS,TABASCO,2024,NO,23/08/2024 14:51,35701,NO,NO,NO,SERVICIOS,NO,"CRÉDITO, EL PAGO SERÁ DENTRO DE LOS 20 DÍAS NATURALES, DESPUÉS DE APROBARSE Y ENTREGARSE EN LA SUPERINTENDENCIA DE RECURSOS FINANCIEROS.",10,12,SI,NACIONAL,NO,MONTO,https://upcp-compranet.hacienda.gob.mx/sitiopublico/#/sitiopublico/detalle/6947783d59624024a396e20a9f829055/procedimiento,29/08/2024
E-2024-00088964,IO-50-GYR-050GYR081-N-15-2024,050GYR - INSTITUTO MEXICANO DEL SEGURO SOCIAL,050GYR081 DEPARTAMENTO DE CONSTRUCCION Y PLANEACION INMOBILIARIA,carolina.delatorre@imss.gob.mx,TRABAJOS DE CONSERVACION Y MEJORA DE IMAGEN EN HGZ 01 ZACATECAS,INVITACIÓN A CUANDO MENOS TRES PERSONAS,ZACATECAS,2024,NO,26/08/2024 13:47,35102,NO,,NO,OBRA PÚBLICA,NO,,,,SI,NACIONAL,NO,,https://upcp-compranet.hacienda.gob.mx/sitiopublico/#/sitiopublico/detalle/5c47f0ac5c1845cdbc9e2716d00c4240/procedimiento,29/08/2024
E-2024-00085507,LA-86-X84-927059932-N-2-2024,086X84 - UNIVERSIDAD INTERCULTURAL DEL ESTADO DE TABASCO,927059932 UIET DIRECCIÓN DE ADMINISTRACIÓN Y FINANZAS,dpt.materiales@uiet.edu.mx,ADQUISICION DE BIENES INFORMATICOS Y CAMARAS FOTOGRAFICAS Y DE VIDEO,LICITACIÓN PÚBLICA,TABASCO,2024,NO,20/08/2024 07:34,"51501,52301",NO,,NO,ADQUISICIONES,NO,TRANSFERENCIA ELECTRONICA,10,36,SI,NACIONAL,NO,,https://upcp-compranet.hacienda.gob.mx/sitiopublico/#/sitiopublico/detalle/ea3f6c85303544d1aaf332ce9270c01f/procedimiento,29/08/2024
E-2024-00089323,IA-51-GYN-051GYN005-N-443-2024,051GYN - INSTITUTO DE SEGURIDAD Y SERVICIOS SOCIALES DE LOS TRABAJADORES DEL ESTADO,051GYN005 SUBDIRECCION DE RECURSOS MATERIALES Y SERVICIOS,edson.cervantesra@issste.gob.mx,“SERVICIO DE CAPACITACIÓN PARA EL CURSO SOPORTE VITAL CARDIOLÓGICO AVANZADO (ACL,INVITACIÓN A CUANDO MENOS TRES PERSONAS,CIUDAD DE MÉXICO,2024,NO,27/08/2024 19:28,33401,NO,NO,NO,SERVICIOS,NO,"EL PAGO SE EFECTUARÁ EN UNA SOLA EXHIBICIÓN, CONTRA LA PRESTACIÓN DEL ÚLTIMO SERVICIO A ENTERA SATISFACCIÓN DEL INSTITUTO, DE CONFORMIDAD CON LO DISPUESTO EN EL ARTÍCULO 51 DE LA LEY. PARA QUE LA OBLIGACIÓN DEL PAGO SE HAGA EXIGIBLE, “EL PROVEEDOR” DEBERÁ, PRESENTAR EL DÍA HÁBIL SIGUIENTE AL DE LA FECHA, LA DOCUMENTACIÓN COMPLETA Y DEBIDAMENTE REQUISITADA PARA REALIZAR EL TRÁMITE DE PAGO",10,,SI,NACIONAL,NO,CANTIDAD,https://upcp-compranet.hacienda.gob.mx/sitiopublico/#/sitiopublico/detalle/a8501c1c368a455bb0a3613f6f9d05d3/procedimiento,29/08/2024
E-2024-00086050,LO-81-V46-922041991-N-3-2024,081V46 - INSTITUTO DE INFRAESTRUCTURA FISICA EDUCATIVA DEL ESTADO DE QUERÉTARO,922041991 CONCURSOS Y ADQUISICIONES,dgonzalezp@queretaro.gob.mx,"REHABILITACIÓN DE INSTALACIÓN ELÉCTRICA, EN LA SEC. TEC. ORG. DE NACIONES UNIDAS",LICITACIÓN PÚBLICA,QUERÉTARO,2024,NO,15/08/2024 07:00,62602,NO,,NO,OBRA PÚBLICA,SI,,,12,SI,NACIONAL,NO,,https://upcp-compranet.hacienda.gob.mx/sitiopublico/#/sitiopublico/detalle/11c094874b2a46e7b98a4b96554383dc/procedimiento,29/08/2024
